timestamp,price,market_cap,total_volume,returns,volatility,ma_7,ma_21
2026-09-02 12:00:00,76772.82018721351,1541488060362.2786,30468738114.706337,0.1829532368555986,0.32607984482346924,77081.96061950114,77256.22371924907
2026-09-02 13:00:00,76591.45163344304,1537846440066.4421,29922612046.801495,-0.236240577496305,0.30300135932629324,76933.19650080707,77193.85077014011
2026-09-02 14:00:00,77070.68654324919,1547468789353.2542,29983231725.044567,0.6257028683823718,0.43520168982216195,76863.04209102655,77169.98915576891
2026-09-02 15:00:00,77019.25544923359,1546436126789.0408,29797450419.002747,-0.0667323678072318,0.4345167399505644,76801.76959292463,77159.18561493915
2026-09-02 16:00:00,77243.74217047928,1550950063731.2937,29617361478.199352,0.2914683087188008,0.30467894165193793,76862.45257083225,77165.41425881299
2026-09-02 17:00:00,77155.47647840958,1549177807793.2185,30388892134.423004,-0.11426905220994765,0.30094843079071854,76926.57868478815,77159.9649357059
2026-09-02 18:00:00,77341.09170526761,1552904710967.9714,29597917616.214138,0.24057297722732685,0.29419411621673835,77027.78916675654,77156.66131312402
2026-09-02 19:00:00,77336.11227500642,1552804730730.5576,27822908022.356598,-0.006438272529385447,0.2974100306504233,77108.25946501268,77164.3583006836
2026-09-02 20:00:00,77285.9454900689,1551797449414.1719,27394301975.99774,-0.06486851156821682,0.27048625638690504,77207.47287310207,77166.5080106986
2026-09-02 21:00:00,77385.59112907,1553798199323.7014,27495129745.949333,0.12893112501795034,0.16194356306849522,77252.45924250505,77165.03896399724
2026-09-02 22:00:00,77258.17095018033,1551239774148.8381,27153442343.563988,-0.1646562067053936,0.1779871718324862,77286.59002835459,77169.21875977376
2026-09-02 23:00:00,77004.75414720885,1546151506857.855,26448440083.557247,-0.32801294653337365,0.18836678175435254,77252.44888217309,77170.98634329136
2026-09-03 00:00:00,77297.13347191992,1552036311658.5237,26617233991.00716,0.37968996583268577,0.24245816645744944,77272.68559553172,77172.01914906029
2026-09-03 01:00:00,77043.200415925,1546937631980.089,26353934673.266304,-0.3285154889827391,0.25384140294444246,77230.1296970542,77149.1554170287
2026-09-03 02:00:00,77328.67603522998,1552669649551.161,26395981738.405617,0.3705396683468587,0.3013622057487366,77229.06737708615,77139.76248719997
2026-09-03 03:00:00,77776.26490321505,1561656712131.6812,26731191999.23548,0.5788135668858052,0.36919063580620587,77299.11300753559,77146.59412714826
2026-09-03 04:00:00,77681.57571419993,1559755463623.852,26832945643.314693,-0.1217456111230697,0.37697043204417835,77341.39651969701,77152.29928440953
2026-09-03 05:00:00,77735.13621215663,1560830895971.2817,26852486029.723362,0.06894877899201735,0.36439808308381955,77409.53441426506,77165.96467851475
2026-09-03 06:00:00,77777.01387300041,1561671750571.6724,27245145322.008255,0.053872242185937225,0.31716827532061265,77519.85723223527,77211.58622841354
2026-09-03 07:00:00,77792.64435816841,1561993605131.069,27220017330.158703,0.020096535453939524,0.3011773800468743,77590.64450169935,77263.30292733976
2026-09-03 08:00:00,77634.32543949968,1558814729537.2114,27515800740.572216,-0.20351399541043147,0.27464553446446577,77675.0909336386,77311.00326581646
2026-09-03 09:00:00,77810.4954472119,1562352036023.3545,27155169753.278812,0.22692282919301032,0.25667809388429697,77743.92227820742,77360.41637343541
2026-09-03 10:00:00,77584.78971480542,1557824992683.578,26262941323.614697,-0.29007106446148345,0.17857108857094126,77716.5686798632,77407.71818683362
2026-09-03 11:00:00,77700.31017955823,1560146936804.9653,25625343919.109367,0.1488957631740062,0.18582821037285982,77719.24503205724,77437.7002647531
2026-09-03 12:00:00,77913.14094439356,1564420372329.8474,25240495488.717434,0.27391237479423847,0.212129081996623,77744.67427951966,77480.2662407131
2026-09-03 13:00:00,78635.8198277505,1578931064031.817,26045154709.443512,0.9275442814874024,0.40019662599217054,77867.36084448396,77546.5556529641
2026-09-03 14:00:00,78780.20188484156,1581834291182.6921,26251883197.167896,0.1836085099733431,0.3955726679748651,78008.44049115154,77623.92352946087
2026-09-03 15:00:00,80503.98990012161,1616446375539.6934,29259246565.176224,2.1880979916754084,0.816714783899776,78418.39255695467,77774.53772921584
2026-09-03 16:00:00,81321.7073624723,1632865393154.4998,32604580442.253277,1.0157477453790698,0.8234941467737399,78919.99425913474,77964.3279714761
2026-09-03 17:00:00,80958.76413522735,1625577825607.4172,33307621814.13682,-0.4463054687565915,0.85429852188517,79401.9906049093,78139.22409743603
2026-09-03 18:00:00,81037.20517412091,1627152849816.4084,34149316409.35876,0.09689011403699599,0.8592199501336785,79878.68988984682,78313.1104805337
2026-09-03 19:00:00,81244.43792979473,1631313893725.1345,34815049101.8202,0.25572544762439975,0.8604168894238403,80354.58945918984,78502.93271765819
2026-09-03 20:00:00,81731.27627363407,1641089161725.5054,36452712850.927635,0.5992266747663733,0.8486478085420088,80796.7975228875,78728.00519986892
2026-09-03 21:00:00,81468.78623999904,1635818602290.9849,36858863219.31017,-0.3211622840150197,0.9051427800324019,81180.88100219572,78926.65533168221
2026-09-03 22:00:00,81599.03754394985,1638433929164.1226,38481826579.01088,0.15987878298211466,0.5048539943140189,81337.31637988545,79143.59995682623
2026-09-03 23:00:00,81142.27254272846,1629262506336.3384,39226290737.77185,-0.559767633258379,0.42199040531910625,81311.68283420778,79325.19979051665
2026-09-04 00:00:00,81264.70153038795,1631720768263.5881,39842820911.97599,0.15088188169121164,0.38250420049726935,81355.38817637357,79491.31582038202
2026-09-04 01:00:00,80984.70052847588,1626116826183.7305,40347747434.604324,-0.34455427342874323,0.4097737116701393,81347.88751270999,79648.60747820469
2026-09-04 02:00:00,80969.99953830658,1625824150529.501,40390706909.592285,-0.018152799323034596,0.3930708602320517,81308.68202821168,79802.64858897374
2026-09-04 03:00:00,80812.35052737984,1622658662438.439,40088590532.5981,-0.19470052096537405,0.2708425913279137,81177.40692160395,79947.18842965846
2026-09-04 04:00:00,80855.6007824934,1623527099015.9512,40295423778.511696,0.05351936285891146,0.27095738196513086,81089.80899910313,80093.04349748346
2026-09-04 05:00:00,81055.85296434356,1627548030661.0623,40779510890.57573,0.24766643239575448,0.2869576500607217,81012.21120201654,80255.97337961888
2026-09-04 06:00:00,80982.60774336972,1626077314965.7534,40645070723.307434,-0.0903638889668601,0.20273874702001768,80989.40194496527,80407.02634610259
2026-09-04 07:00:00,80775.9080604573,1621936291759.9976,40605116342.169395,-0.25523959856595946,0.20113402654919285,80919.57430640375,80558.98436256222
2026-09-04 08:00:00,80638.3779699146,1619174762358.2695,40613063806.54052,-0.1702612744876375,0.17254497390687357,80870.0996551807,80698.89235257919
2026-09-04 09:00:00,81129.17782120455,1629029756377.0525,41543882951.53244,0.608643010494414,0.3080008384549061,80892.83940988043,80852.03696576066
2026-09-04 10:00:00,81049.94245952881,1627438753418.6406,42436799191.44742,-0.09766567812428129,0.2983141107925578,80926.78111447314,80966.99518632152
2026-09-04 11:00:00,81166.63283313578,1629781832641.1052,42711861371.27313,0.14397341943239716,0.3008281590570361,80971.2142645649,81080.63475528792
2026-09-04 12:00:00,81222.97676673981,1630913188176.7744,42830418517.969955,0.06941760627161564,0.2891433610724751,80995.08909347864,81114.87222512688
2026-09-04 13:00:00,79438.20975066516,1595076037407.2522,45140576893.68172,-2.1973671578181975,0.8956552987478242,80774.46080880657,81025.18186265987
2026-09-04 14:00:00,79362.52222701395,1593556273106.3486,46308158310.113655,-0.09527848611993184,0.8981678870242035,80572.54854688609,80949.17034322114
2026-09-04 15:00:00,78918.77058040584,1584658766284.1875,45328872549.02014,-0.5591450903472794,0.9045362388451601,80326.89034838484,80848.2925054252
2026-09-04 16:00:00,79411.2566301278,1594547698032.9336,42581589296.57536,0.6240417154245836,0.9071404328654519,80081.47303537387,80760.99815782199
2026-09-04 17:00:00,79753.14168349805,1601412619304.5178,41802301390.36601,0.430524673551802,0.9479899097838783,79896.21578165519,80666.80127257742
2026-09-04 18:00:00,79478.53536802711,1595898629389.4736,40886217759.41005,-0.3443203736859912,0.9340691691123125,79655.0590009254,80572.02742153115
2026-09-04 19:00:00,79623.42306987401,1598807919095.4575,40146776207.10497,0.18229790115784628,0.9423670508206327,79426.55132994454,80477.95054181325
2026-09-04 20:00:00,79779.29611442194,1601944013071.574,38969641213.21008,0.19576280262547652,0.4202617015748047,79475.27795333839,80413.04690237009
2026-09-04 21:00:00,79706.25394282232,1600477906414.4512,38233564199.76466,-0.09155529712228105,0.4200317920398878,79524.38248416816,80338.835112486
2026-09-04 22:00:00,79649.90012856525,1599346338561.252,37051702850.75497,-0.07070187277588014,0.33059620956947955,79628.82956247663,80275.27318868073
2026-09-04 23:00:00,79648.8752251388,1599325758804.8455,36245810441.15573,-0.00128676046647902,0.25030893362382567,79662.77507604964,80212.36250710131
2026-09-05 00:00:00,79671.25767420157,1599775191734.4382,35605666977.42856,0.028101400050517533,0.183850923045943,79651.07736043585,80158.02475218807
2026-09-05 01:00:00,79593.020767888,1598204217892.023,34624581951.97578,-0.09819966271086278,0.12409117322429533,79667.43241755884,80097.90189434972
2026-09-05 02:00:00,79547.32656799363,1597286691929.3213,34092833906.617687,-0.05740980735938761,0.10339040815937049,79656.5614887188,80026.06730404733
2026-09-05 03:00:00,79577.31078765137,1597888766154.7356,33697185482.11696,0.037693560489571176,0.05680707794409981,79627.70644203728,79959.14840139408
2026-09-05 04:00:00,79591.52525925986,1598174188522.9358,33222720975.58611,0.01786246791679602,0.054020344686381075,79611.31663009978,79902.74922038468
2026-09-05 05:00:00,79513.2875742262,1596603199044.0525,32645537565.3299,-0.09829901459835755,0.05906122457078397,79591.80055090848,79849.17348725666
2026-09-05 06:00:00,79586.59732593811,1598075237085.4314,32292122135.197346,0.09219811423779589,0.07389348879478272,79582.90370816553,79775.71727319635
2026-09-05 07:00:00,79657.8072660828,1599505111534.1846,32008998984.632446,0.0894747891445391,0.08247031234145091,79580.98222129143,79709.4251211275
2026-09-05 08:00:00,79711.96673205243,1600592617525.4934,31406429050.794014,0.06799015417122689,0.07374959259603739,79597.97450188633,79640.15530679018
2026-09-05 09:00:00,79647.88200438251,1599323178465.3225,30591484918.16474,-0.08039536633858146,0.0782175875110396,79612.33956422762,79565.15079429699
2026-09-05 10:00:00,79626.99964778067,1598903862394.4636,29123452958.853004,-0.02621834514154875,0.07926897249307197,79619.4379728175,79574.14078939773
2026-09-05 11:00:00,79624.2235567454,1598848118705.7866,28537781488.36915,-0.003486369004912504,0.07927937297256626,79624.10915817259,79586.60275748017
2026-09-05 12:00:00,79616.72878630973,1598697624307.5251,27766608200.772694,-0.009412676319953128,0.06577814920879461,79638.88647418453,79619.83886252322
2026-09-05 13:00:00,79713.129978018,1600633352621.3333,23747590580.45216,0.12108157817813936,0.07179555679473687,79656.96256733879,79634.21378385132
2026-09-05 14:00:00,79617.56064482199,1598714327960.7346,21723195096.643482,-0.11989158275726997,0.0822061036427212,79651.21305001582,79627.75754391437
2026-09-05 15:00:00,79730.88136501185,1600989799069.8103,19350523010.255573,0.14233131393637244,0.09700701739326113,79653.91514043859,79639.77401996126
2026-09-05 16:00:00,79803.39493926977,1602456639370.6536,18524973523.019764,0.09094791505683819,0.09389786873548242,79676.13127399392,79648.3441089801
2026-09-05 17:00:00,80053.61256468344,1607481023301.1472,18203012844.307835,0.3135425824980054,0.1384844435964253,79737.0759764086,79661.4067970878
2026-09-05 18:00:00,80045.27884672082,1607313681777.7693,18763414081.616364,-0.010410171003705226,0.1391735073130021,79797.22673211936,79677.55084013057
2026-09-05 19:00:00,79987.72340498707,1606157965284.6511,18837200339.948524,-0.07190360576287969,0.14729212695644084,79850.225963359,79693.63766281733
2026-09-05 20:00:00,79757.93033702066,1601543707611.4739,18609938895.85968,-0.28728542104260457,0.19517280060438771,79856.6260146451,79698.83076338314
2026-09-05 21:00:00,79741.22436343327,1601216703296.087,18934253915.307953,-0.020945846409003988,0.1877941695681824,79874.29226016099,79702.16251048942
2026-09-05 22:00:00,79909.49573147147,1604595619626.2556,18417285716.806293,0.21102180130978532,0.19669383093880502,79899.80859822663,79717.23274685052
2026-09-05 23:00:00,79781.05895269189,1602016588301.6035,18429368063.84445,-0.16072780538020082,0.20688999286119422,79896.61774300123,79728.36286040758
2026-09-06 00:00:00,79821.69873179746,1602832641649.6875,18822345309.3012,0.05093913221891899,0.1577187498715045,79863.48719544608,79740.0003815574
2026-09-06 01:00:00,79886.77458177783,1604139375259.581,18810636510.4934,0.08152651599038219,0.16440878078269267,79840.84372902567,79754.05987310589
2026-09-06 02:00:00,79959.30436655713,1605595785087.7747,18947468126.374725,0.09079072870197269,0.16864547162700083,79836.78386639281,79775.29876797878
2026-09-06 03:00:00,79906.5630995094,1604545761343.001,19029863160.999428,-0.06596013742935503,0.12087240584892699,79858.01711817691,79790.53523338694
2026-09-06 04:00:00,80026.31967167041,1606950506245.0515,19153164650.97706,0.1498707584405512,0.12675822438954945,79898.74501935366,79808.08344317682
2026-09-06 05:00:00,79862.90595561713,1603673346621.9453,19285507897.896004,-0.20419996411646935,0.13622943019295433,79892.08933708875,79815.27102525134
2026-09-06 06:00:00,79971.37099232111,1605851360135.4934,19559467963.54947,0.13581403707532136,0.12668477047581514,79919.2767713215,79830.67526277222
2026-09-06 07:00:00,79772.81701990326,1601864331243.64,19521405320.76536,-0.24828131611863702,0.16480612734376388,79912.29366962232,79837.618947159
2026-09-06 08:00:00,79811.52488960416,1602641597963.4153,19688488080.054916,0.048522631075242906,0.16224913890044332,79901.54371359751,79846.53805824752
2026-09-06 09:00:00,79835.09901045753,1603114974042.4626,19862909248.23058,0.029537238996479864,0.15727197338867485,79883.80009129757,79856.9366403498
2026-09-06 10:00:00,79878.78090091703,1603992120730.5496,20172066478.92238,0.054715145344497174,0.1582736154276033,79879.83120578437,79864.82477953547
2026-09-06 11:00:00,80001.87569426838,1606463904556.137,20204066528.423927,0.15410199299867866,0.15896958608966055,79876.33920901266,79883.12549617577
2026-09-06 12:00:00,79911.77981667651,1604654749782.6443,20216905466.77584,-0.11261720654672791,0.14270849758873258,79883.321189164,79891.73970815979
2026-09-06 13:00:00,79918.62682851448,1604792240026.1704,20087254160.807323,0.008568213414439363,0.13150139909784928,79875.7863086202,79897.22694098097
2026-09-06 14:00:00,79806.90665184474,1602548862234.424,19964680671.44389,-0.13979241273684995,0.10165419592881483,79880.65625604041,79885.4790403696
2026-09-06 15:00:00,79526.7967398626,1596924163325.7717,20629161812.125454,-0.3509845497509434,0.16580540868912305,79839.98080607734,79860.78941623351
2026-09-06 16:00:00,79707.92574611641,1600561293181.662,20672931282.664307,0.22775845838012287,0.19601258993139056,79821.81319688573,79847.46571819203
2026-09-06 17:00:00,79668.64531446325,1599772529230.0852,19890753831.30317,-0.04928045898254796,0.19309467414566583,79791.79382739235,79843.2140504512
2026-09-06 18:00:00,79730.84512060262,1601021521738.9001,19012944892.23881,0.07807313139800431,0.18236359866915397,79753.07517401152,79842.7198007926
2026-09-06 19:00:00,79944.44972766159,1605310772310.9553,18797720857.952038,0.26790711516460064,0.21397920438358628,79757.74230415224,79844.38427680165
2026-09-06 20:00:00,79814.59046924824,1602703155808.1787,18690507609.38211,-0.16243686566824733,0.22320455403338765,79742.8799671142,79845.9810156853
2026-09-06 21:00:00,79896.32558416478,1604344423724.8203,18320241078.468285,0.1024062322890984,0.21999869908947417,79755.6541003028,79849.53467532185
2026-09-06 22:00:00,79935.95559040409,1605168664448.938,18611671758.281784,0.04960178825441641,0.14930875213277334,79814.10536466585,79851.87662811356
2026-09-06 23:00:00,80046.70819196723,1607392652443.1055,18861241664.678524,0.13855167020289105,0.1372624240042955,79862.50285693025,79856.03871503785
2026-09-07 00:00:00,80329.3478460037,1613068250021.681,19671698954.25346,0.3530934131090513,0.16498671366969236,79956.88893286462,79876.17132201378
2026-09-07 01:00:00,80112.92063846144,1608729213482.118,20396298741.082638,-0.26942482834190207,0.22162116315950567,80011.47114970158,79880.29517757524
2026-09-07 02:00:00,79916.55232204411,1604785986288.486,20513896450.51433,-0.24511441456929184,0.22938933983705087,80007.48580604195,79882.84976645272
2026-09-07 03:00:00,79848.98832803365,1603429249196.9165,20944161106.109768,-0.08454317916292142,0.22224366086466604,80012.39978586843,79877.02202053428
2026-09-07 04:00:00,79588.86534996543,1598205779242.4907,21206508972.5441,-0.3257686584576258,0.2487480995313919,79968.47689526853,79868.2624172039
2026-09-07 05:00:00,79705.86589525286,1600562015397.8838,21493075704.027775,0.14700617325420495,0.258109939099224,79935.60693881834,79863.2310365205
2026-09-07 06:00:00,79750.33195508539,1601454931942.2683,21506794960.977722,0.055787688061714746,0.25029777801744657,79893.26747640665,79859.19451007422
2026-09-07 07:00:00,79647.51433159942,1599392974066.2715,22051765373.42871,-0.12892438309081156,0.1750406369520708,79795.86268863462,79848.18181629719
2026-09-07 08:00:00,79387.15132574705,1594164653185.6807,22802543709.336308,-0.32689407577540797,0.18423743506768306,79692.18135824685,79818.90922731998
2026-09-07 09:00:00,79428.24100456157,1594989770506.0903,22730103005.806984,0.05175860089237094,0.1874048837437935,79622.42259860647,79795.88356960022
2026-09-07 10:00:00,79313.08685339912,1592679593429.9856,22533012480.963024,-0.1449788509805261,0.18864108781902297,79545.86524508728,79767.04833268997
2026-09-07 11:00:00,79353.98413473983,1593500848383.0115,22695465923.742958,0.05156435458919528,0.16439575701113457,79512.31078576932,79745.48059378022
2026-09-07 12:00:00,79414.25257135955,1594711093916.7603,22706659090.047005,0.07594884778234778,0.15253921083700506,79470.65173949885,79740.12134766101
2026-09-07 13:00:00,79589.28552673887,1598230930466.018,22842027238.787735,0.2204049647410944,0.1818451795284763,79447.64510687791,79734.47181340495
2026-09-07 14:00:00,79334.9461697575,1593123546670.923,23076678547.38642,-0.31956481993535846,0.21125003028286732,79402.99251232906,79718.58137794277
2026-09-07 15:00:00,79180.43723886288,1590023547900.164,23074517348.786743,-0.194755197241836,0.18758351425384778,79373.46192848848,79692.3714788123
2026-09-07 16:00:00,78808.82566960008,1582561210403.6243,23797446690.889004,-0.4693224516325589,0.2419600833175697,79284.97402349397,79638.29414271413
2026-09-07 17:00:00,79010.94508390404,1586619973394.0532,24238749106.316463,0.2564679940179948,0.27765332355270184,79241.8109135661,79600.0253148406
2026-09-07 18:00:00,79189.14613763412,1590203420343.2295,24350802911.278072,0.22553970660754707,0.2958843673616638,79218.2626282653,79566.35010310104
2026-09-07 19:00:00,79189.57835780756,1590213841960.9695,24503083734.753605,0.0005458073417008436,0.2927691569809191,79186.16631204358,79530.80833012026
2026-09-07 20:00:00,79350.27915508901,1593440890741.2578,24465633641.913204,0.2029317501292205,0.2902414897728797,79152.02254466503,79497.64504264986
2026-09-07 21:00:00,79221.03211974604,1590846656415.314,24445243506.855392,-0.16288163913117382,0.27070583405925774,79135.7491089491,79444.86810330427
2026-09-07 22:00:00,79155.01031344378,1589520864930.4507,24078341918.785423,-0.083338735353089,0.26186378640077895,79132.11669103209,79399.25332592247
2026-09-07 23:00:00,78929.34832981802,1584989320686.1335,23939246347.61632,-0.2850886920893192,0.21181012054830287,79149.33421392037,79352.24361200693
2026-09-08 00:00:00,79093.4641898418,1588284950144.5952,23156361224.106297,0.20792754976006744,0.20348661860113446,79161.12265762578,79316.26627209305
2026-09-08 01:00:00,79283.87896071257,1592113923792.161,22901372594.292385,0.24074653047656547,0.2061712694610469,79174.65591806555,79301.74311070006
2026-09-08 02:00:00,79412.8683392289,1594704182849.2249,22839835016.588398,0.16269307229561658,0.21297650907184748,79206.55448684002,79287.79084612748
2026-09-08 03:00:00,78927.12553007393,1584949893579.1355,22713052568.75489,-0.6116676293318246,0.30988646996183344,79146.10396898072,79248.59054017455
2026-09-08 04:00:00,78887.1165448371,1584146465904.9685,23041008682.671356,-0.050691045655248956,0.3075329926715776,79098.40174399373,79212.38112175731
2026-09-08 05:00:00,78673.40271116208,1579854839728.7366,22943842793.42334,-0.2709109459635983,0.3179106082747227,79029.60065795349,79178.39309249136
2026-09-08 06:00:00,78566.03602578767,1577706882188.0737,23452078197.601254,-0.13647138889948396,0.30723786051147584,78977.69890023487,79137.33571254973
2026-09-08 07:00:00,78312.37422202768,1572613027466.817,25039285523.967487,-0.32286445465663505,0.2937161305743521,78866.11461911855,79089.68273010348
2026-09-08 08:00:00,78406.37269792361,1574500637556.85,27444362029.464466,0.12003016998236582,0.2701434340480728,78740.75658157727,79044.55837596937
2026-09-08 09:00:00,78385.0111839187,1574074571172.8616,28017870872.412678,-0.02724461452541238,0.24040012936178182,78593.91984510438,78995.54688132934
2026-09-08 10:00:00,78727.12427667958,1580947409456.245,28683499536.838432,0.4364521833876589,0.2567157371319529,78565.34823747663,78954.49158370745
2026-09-08 11:00:00,78558.18691040784,1577554918062.44,28341408871.81546,-0.21458597379732103,0.26560359594181704,78518.35828970102,78917.50304754794
2026-09-08 12:00:00,78386.13393931472,1574099861099.0613,28894225012.031136,-0.21901341904611016,0.25936569428573736,78477.31989372282,78879.6790809028
2026-09-08 13:00:00,78409.80108857037,1574575129548.769,29822514204.039085,0.030193030407610344,0.2579603029224208,78455.00061697749,78860.67791037758
2026-09-08 14:00:00,77957.69056757812,1565501984052.171,31852681649.02413,-0.5765994999547996,0.31728147990880723,78404.3315234847,78810.52293340967
2026-09-08 15:00:00,78535.15771615456,1577098350751.0754,32957167370.41524,0.7407442990834401,0.44030322223771934,78422.72938323197,78779.38062762494
2026-09-08 16:00:00,78852.01355888146,1583461269493.7424,33357056186.691597,0.40345732018784997,0.46148733237388656,78489.44400822665,78763.30611339037
2026-09-08 17:00:00,78725.02484173441,1580911154332.5754,33641369843.602592,-0.16104689203937372,0.4406070114249415,78489.14408894877,78733.53209846871
2026-09-08 18:00:00,78511.12695645604,1576615778708.3118,34164348166.19027,-0.2717025313213828,0.4457517432819577,78482.42123838424,78699.72709069299
2026-09-08 19:00:00,78433.71650549663,1575061266078.6917,34749752556.1996,-0.09859806368890389,0.4385027018947852,78489.2187478388,78665.37976650505
2026-09-08 20:00:00,78410.52447257999,1574595536869.9263,35574886416.00119,-0.029568958287240488,0.43861425576143037,78489.32208841159,78640.67386854131
2026-09-08 21:00:00,78486.82119285701,1576127684193.6958,36037656329.237274,0.09730418306754807,0.35710190006405074,78564.91217773715,78611.78610678014
2026-09-08 22:00:00,78480.37882531529,1576010319732.3904,36491486217.17605,-0.008208215651761552,0.21679479951255584,78557.08662190298,78573.52419557075
2026-09-08 23:00:00,78548.73323714682,1577382984595.3557,36532564311.32329,0.0870974539810554,0.13312348287911518,78513.76086165516,78532.3749049954
2026-09-09 00:00:00,78450.75303870205,1575415387009.9504,36832978946.46288,-0.12473810131216068,0.12894276746003494,78474.57917550768,78509.69050064437
2026-09-09 01:00:00,78765.28062823696,1581731599219.5132,37035957604.913,0.4009236079349554,0.17748262160181963,78510.88684290496,78503.88879033008
2026-09-09 02:00:00,78876.61242291593,1583967318006.2297,37454269392.65279,0.14134628073561029,0.16773312392918735,78574.15768825058,78513.56544327072
2026-09-09 03:00:00,78722.42026766515,1580870895288.4202,37381465493.759094,-0.1954852655487338,0.1953448244888358,78618.7142304056,78521.01231193157
2026-09-09 04:00:00,78624.11881302243,1578896846369.6902,36920237229.13061,-0.12487097615708764,0.20547112297436276,78638.3281761435,78535.85729245513
2026-09-09 05:00:00,79152.37843329764,1589512022564.9785,37593742888.26909,0.6718798611040411,0.317379874451466,78734.32812014098,78571.38137509198
2026-09-09 06:00:00,78913.40216484082,1584712979765.0212,37350649270.24808,-0.3019192514324698,0.3562511743103117,78786.42368124015,78596.54285037398
2026-09-09 07:00:00,79134.18275483722,1589146622936.515,36004381519.313126,0.2797757845178328,0.35280752979783947,78884.05649783088,78615.92658742912
2026-09-09 08:00:00,79264.12405440492,1591756061363.7458,33464135913.398792,0.16420375499455186,0.33266856865813627,78955.31984442631,78649.54264190517
2026-09-09 09:00:00,79648.44749750635,1599473918305.6958,34010345907.80708,0.48486430360050736,0.3651369479226705,79065.58199793923,78709.65281134286
2026-09-09 10:00:00,78953.83979796141,1585534667377.8228,33640198694.314228,-0.8720919507774316,0.5237732010315775,79098.64193083868,78735.55941655196
2026-09-09 11:00:00,78929.69196056157,1585049735505.7617,33797516138.09047,-0.030584753650531038,0.5199313406134427,79142.29523763,78781.84519717023
2026-09-09 12:00:00,79334.90005615221,1593187040603.3372,34138885903.563705,0.5133785341429054,0.4913343550206976,79168.36975518064,78819.92816574154
2026-09-09 13:00:00,79585.53643963618,1598224009094.9436,34549260626.39232,0.3159219754566678,0.47620519971790326,79264.38893729426,78854.85782672986
2026-09-09 14:00:00,79156.59892992607,1589610946220.9358,32748971558.57722,-0.5389641496422626,0.5287075323769084,79267.59124802124,78875.4089737866
2026-09-09 15:00:00,78949.21330811581,1585446259271.5854,32661612136.35363,-0.2619941036044904,0.5318820513045995,79222.60399855138,78896.27022862755
2026-09-09 16:00:00,78586.84561250768,1578169245563.5374,34148297251.335045,-0.45898835520237213,0.49001247335519604,79070.9465864087,78903.56209086617
2026-09-09 17:00:00,78776.6552648416,1581986882779.404,34375264646.55421,0.24152852917627143,0.4052846035655867,79045.63451024874,78920.99689049768
2026-09-09 18:00:00,78766.04541377799,1581776730889.764,34495630696.60197,-0.013468268014094065,0.40534187434576097,79022.25643213678,78934.29328197011
2026-09-09 19:00:00,78422.80587151789,1574883807445.1992,34353893403.608475,-0.4357709473123528,0.34845249197299816,78891.95726290332,78931.55171274165
2026-09-09 20:00:00,78210.7750837399,1570629723760.9658,34267395654.042545,-0.27036878548487575,0.2768191576702308,78695.56278348957,78915.45846734132
2026-09-09 21:00:00,78276.30589419178,1571945714282.83,34525317206.29825,0.08378744537655969,0.26775410192374327,78569.80663552752,78907.15146045988
2026-09-09 22:00:00,78131.46075029431,1569036932364.9395,34483018081.84294,-0.18504340776283046,0.2643949442493657,78452.98484155303,78876.96956151022
2026-09-09 23:00:00,77927.77053945823,1564946423106.6467,34860404247.50425,-0.26070191044689217,0.2344962492001719,78358.83125968883,78831.78661467892
2026-09-10 00:00:00,78283.06047169256,1572081359789.2556,34938279858.59001,0.4559221055277396,0.2956208875350042,78288.31771781038,78810.8647196326
2026-09-10 01:00:00,78149.71304106472,1569403475087.2183,35378624413.638275,-0.17034008356897612,0.29485233264808,78200.2702359942,78788.273968587
2026-09-10 02:00:00,78053.03021772805,1567461889468.7773,35459952976.170235,-0.12371487952343996,0.2591310374400095,78147.44514259566,78735.92405355988
2026-09-10 03:00:00,78329.34789117156,1573010904302.6821,34686892380.769226,0.3540127432243523,0.28382900356743895,78164.3841150859,78708.11194528991
2026-09-10 04:00:00,78298.84095630288,1572398263670.566,35488411431.09713,-0.038947004781741956,0.28316531396552386,78167.60340967319,78668.33376440732
2026-09-10 05:00:00,78359.56643893092,1573630212712.472,34692831257.48244,0.0775560428307287,0.2710099271358547,78200.18993662127,78625.2595922419
2026-09-10 06:00:00,78492.42936069884,1576299409028.5564,34188769498.484913,0.16955545800709793,0.23766240054269502,78280.85548251278,78570.21110953677
2026-09-10 07:00:00,78404.78123386322,1574539243218.1882,34261487180.885925,-0.11166443381799285,0.18925244950823908,78298.24416282287,78544.06546362734
2026-09-10 08:00:00,78085.00301642863,1568120599701.5984,33986483111.981937,-0.4078555062615008,0.243169247332104,78288.99987358916,78503.84218057338
2026-09-10 09:00:00,78096.6863270212,1568355226573.6633,32971350545.58363,0.014962297677212355,0.23810730301973376,78295.23646063104,78444.87962204333
2026-09-10 10:00:00,77950.49641007504,1565419407768.819,32466424288.46399,-0.1871909344962619,0.19015458031387558,78241.1148204744,78367.0205730166
2026-09-10 11:00:00,77851.89715450257,1563439315333.5803,32223198508.525272,-0.12648958007113187,0.1907201405262092,78177.26570593148,78304.89191704406
2026-09-10 12:00:00,77830.55557881067,1563010729008.6812,32006023567.330685,-0.027413045117630208,0.17994385189887283,78101.69272591431,78251.62250136287
2026-09-10 13:00:00,76869.04566482038,1543701470576.1975,33473225231.439682,-1.2353887324068613,0.4355725101477494,77869.78076936025,78169.82250385394
2026-09-10 14:00:00,77159.74831061267,1549548762846.6392,34673329337.42951,0.3781790749164182,0.5042924722800901,77691.9189231816,78092.82693460496
2026-09-10 15:00:00,77359.53454949934,1553560939221.9998,34458407719.124985,0.258925467307658,0.5269700863847305,77588.28057076313,78025.85022678216
2026-09-10 16:00:00,77209.59163382856,1550549733709.2505,32480227471.16351,-0.1938260313275708,0.5231566177376663,77461.5527574499,77968.07812022553
2026-09-10 17:00:00,77153.0414263324,1549414072875.941,32536589787.72429,-0.07324246418028979,0.5240101114492646,77347.63061691522,77917.70985082517
2026-09-10 18:00:00,77310.95724202666,1552585392925.5852,32567438001.498795,0.20467866564279902,0.5407074476459615,77270.35348656154,77871.74086738874
2026-09-10 19:00:00,77212.77264242084,1550613615824.4294,32266817194.636677,-0.12699959114262915,0.5398409572825402,77182.09878136299,77827.99381463285
2026-09-10 20:00:00,77138.03985874755,1549120828561.3047,31878917974.44658,-0.09678811045858993,0.22464496659932337,77220.52652335257,77790.38759174186
2026-09-10 21:00:00,77246.2314640901,1551294971498.1826,30949806324.00774,0.14025713583163402,0.1803761508598229,77232.88125956363,77741.01478185605
2026-09-10 22:00:00,77114.52711697944,1548650023161.8718,30595981640.10806,-0.1704993818007594,0.15532879913018374,77197.88019777508,77691.72021404246
2026-09-10 23:00:00,76817.93214328661,1542693664093.7249,29852795773.955902,-0.384616212770017,0.19692412990022384,77141.92884198336,77632.90602002143
2026-09-11 00:00:00,76554.98664973286,1537413069633.6875,30257901047.74022,-0.3422970213039389,0.22179020720870612,77056.4924453263,77548.41262757198
2026-09-11 01:00:00,76879.28361560282,1543925753073.268,29915800102.935917,0.4236131179197189,0.28119093894061664,76994.8247844086,77480.81465896721
2026-09-11 02:00:00,76948.83827623757,1545322582319.716,29571335106.47914,0.09047256603289533,0.28703652416686687,76957.11987495386,77413.63712741037
2026-09-11 03:00:00,76824.79305692423,1542831448172.303,29399029790.136463,-0.16120479800881826,0.28985946389002154,76912.37033183624,77334.2258748497
2026-09-11 04:00:00,76870.15788497053,1543742485879.8682,29933351282.695217,0.05904972371704176,0.2821358242217449,76858.64553481915,77261.14857252146
2026-09-11 05:00:00,77091.2478782176,1548182518594.373,30107644066.980003,0.28761485514043894,0.3068168300497054,76855.31992928174,77213.82689927332
2026-09-11 06:00:00,77216.0609394737,1550695636268.2102,29885420719.45512,0.1619030236133412,0.2597135453575738,76912.1954715942,77171.89235700916
2026-09-11 07:00:00,77261.37992526557,1551605757202.282,29652425911.35952,0.05869113917555957,0.18642950804162856,77013.10879667029,77139.07728630395
2026-09-11 08:00:00,77201.99730353012,1550413202554.0007,29404255758.19724,-0.07685938536547976,0.14764031750605022,77059.21075208847,77108.12967435287
2026-09-11 09:00:00,77335.06304883708,1553097334701.2588,29335961104.88919,0.17236049578328583,0.15358609117694794,77114.3857196027,77084.53479197317
2026-09-11 10:00:00,77020.85406061342,1546788092218.454,29332769785.740578,-0.4062956385323391,0.22626009913150383,77142.39443441543,77091.76376320141
2026-09-11 11:00:00,76968.87281415956,1545744167504.6328,29147683838.407356,-0.06748983387401264,0.22920681524584843,77156.49656715673,77082.6744538465
2026-09-11 12:00:00,76995.9749893298,1546288452845.7634,28747077001.916862,0.03521186445807345,0.19748445157388733,77142.88615445847,77065.36209383843
2026-09-11 13:00:00,77960.78847453994,1565669909286.2405,30001239398.587944,1.2530700278083895,0.523778649737472,77249.27580232508,77101.13337196753
2026-09-11 14:00:00,79157.09397934795,1589695057926.2273,31417203803.7552,1.5344964157189,0.7391098312487838,77520.09209576542,77196.56444592067
2026-09-11 15:00:00,78783.77426720792,1582197757664.4177,33140845517.32774,-0.47161876892225507,0.7903232845663034,77746.06023343366,77266.69858997692
2026-09-11 16:00:00,77694.26915459464,1560317458552.3943,33728328434.917515,-1.3829054557833675,1.016174029393559,77797.37539139904,77289.62699531853
2026-09-11 17:00:00,77917.11232828967,1564798146824.8662,34464081900.513824,0.2868206061011014,0.9955146605561326,77925.41228678136,77326.72568434433
2026-09-11 18:00:00,77517.25102199247,1556767789790.5276,34294722433.590466,-0.5131880460513716,1.0269660366951718,78003.75203075749,77339.63137757778
2026-09-11 19:00:00,77036.83954890422,1547119755355.7483,34873833486.78443,-0.619747819684624,1.0636690765998447,78009.58982498241,77335.9319695742
2026-09-11 20:00:00,77281.64507604482,1552039781742.6357,35066311988.69574,0.3177772200600115,0.9325065650455668,77912.56933948309,77358.01353780078
2026-09-11 21:00:00,77315.11940187341,1552712043381.2417,35347865608.546295,0.043314716962417066,0.6035312165484047,77649.43011412959,77394.21033552176
2026-09-11 22:00:00,77082.59662937514,1548042311095.868,35207455914.46385,-0.3007468323105722,0.6004957597078329,77406.40473729635,77403.89190760616
2026-09-11 23:00:00,77128.66953731132,1548967588836.8782,35903250667.27777,0.05977083018842144,0.37667375249669116,77325.60479197015,77412.45530099062
2026-09-12 00:00:00,77203.53444805603,1550479277152.1194,35407367571.01674,0.09706495806789395,0.3497498267744277,77223.66509479392,77430.49060533023
2026-09-12 01:00:00,77276.52849901545,1551945217334.4836,34948557292.06022,0.0945475508100424,0.3124564598735343,77189.27616294005,77449.84158695143
2026-09-12 02:00:00,77263.21057723957,1551677753391.5977,34468558790.6569,-0.017234109806119058,0.18400545128132959,77221.61488127368,77458.03028690485
2026-09-12 03:00:00,77256.74504889011,1551547906127.5654,34234432938.98141,-0.008368184937124212,0.1381316688290963,77218.05773453729,77459.9676254485
2026-09-12 04:00:00,77257.54865785275,1551564045013.5947,33406264883.728294,0.001040179678990505,0.13660738396154687,77209.83334253434,77459.78518414311
2026-09-12 05:00:00,77213.83327769832,1550694293306.8423,33423159843.170433,-0.05658395964390772,0.05967015079244848,77228.58143515194,77460.34880196064
2026-09-12 06:00:00,77204.03182949341,1550499611408.2678,33750144457.974747,-0.012693901842242283,0.058773874324624636,77239.34747689225,77454.10922008714
2026-09-12 07:00:00,77277.42306540738,1551973538094.0747,33634562501.79305,0.09506140310917566,0.058304759610772076,77249.90299365671,77466.32679174401
2026-09-12 08:00:00,77257.61617745076,1551578225774.5747,33443971597.727932,-0.02563088567257843,0.04715134841344596,77247.20123343318,77480.07647571024
2026-09-12 09:00:00,77342.538050849,1553283726619.3594,33257574353.60949,0.10992039050645719,0.06285169766315926,77258.5337296631,77496.57947863972
2026-09-12 10:00:00,77330.8329850539,1553048651734.6099,32787654114.282654,-0.015134059587507132,0.06331548812376711,77269.11772054364,77466.58159818802
2026-09-12 11:00:00,77316.51970578285,1552767922179.4,32440525411.360973,-0.01850914922101321,0.06438958254121666,77277.54215596223,77378.93520420873
2026-09-12 12:00:00,77340.17370771468,1553242971697.5454,31939487296.590702,0.030593723077343427,0.057185264804854696,77295.5907888217,77310.19232042332
2026-09-12 13:00:00,77317.17427010927,1552781067966.2634,27799495036.702095,-0.02973802165525674,0.0593006029256174,77311.75399462398,77292.23542116213
2026-09-12 14:00:00,77346.67342745706,1553379308272.5652,25212744849.489326,0.03815343437763019,0.05072601863404765,77321.64690348822,77265.07166397962
2026-09-12 15:00:00,77445.64426190322,1555366972893.9185,21759624036.94504,0.12795745448441753,0.06304857451722394,77348.50805841,77261.66181826108
2026-09-12 16:00:00,77366.92475804272,1553786022569.4153,20201216810.417828,-0.1016448434392081,0.07119112971769505,77351.99187372338,77277.38016155339
2026-09-12 17:00:00,77348.92912166193,1553428709632.694,18620551680.468117,-0.023260115917833613,0.07163003409189096,77354.57703609597,77280.58416372564
2026-09-12 18:00:00,77193.15949246142,1550300327419.3047,17974747974.275215,-0.20138563128069276,0.10602805832646064,77336.9541484786,77274.77654899174
2026-09-12 19:00:00,77123.41691461387,1548900894003.4578,17002946128.904541,-0.09034813227765115,0.10573830177523216,77305.98889232136,77276.72037209834
2026-09-12 20:00:00,77113.63783668954,1548704496811.1978,16947217294.061329,-0.012679777836044348,0.10621075254670853,77276.91225897567,77276.00457683063
2026-09-12 21:00:00,77152.51919688155,1549485366953.766,16784079037.519001,0.050420861060085365,0.10775896021810429,77249.17594032202,77273.57527915566
2026-09-12 22:00:00,77245.60981926684,1551354943717.9226,16714650155.875277,0.1206579167528421,0.1059293911700275,77220.59959137398,77272.10296107239
2026-09-12 23:00:00,77218.57922842517,1550812077387.6294,15711483093.750526,-0.03499304478911114,0.1020638459196765,77199.40737285718,77269.9776587479
2026-09-13 00:00:00,77261.62722069985,1551683581240.4167,15195615506.929926,0.055748231455221564,0.10685045188578682,77186.93567271974,77270.21014311978
2026-09-13 01:00:00,77258.52592022326,1551622532421.1147,15194823574.958746,-0.0040140242810848825,0.06921650865721118,77196.27373382858,77270.25667942314
2026-09-13 02:00:00,77302.98579705298,1552516911647.6733,15425515886.693325,0.057546887285475634,0.05352064418624694,77221.92643131988,77274.50203748765
2026-09-13 03:00:00,77273.86828489418,1551934061036.2964,15350602828.512222,-0.03766673674836518,0.057759202996661416,77244.81649534912,77277.82758298292
2026-09-13 04:00:00,77177.99013195191,1550008486782.5037,15282311466.724867,-0.12407577758212218,0.08049280923554399,77248.45520035918,77273.0926813898
2026-09-13 05:00:00,77192.12247162955,1550292314417.8306,15118279231.612349,0.018311360082678974,0.0634114286254256,77240.81415069671,77269.97393349356
2026-09-13 06:00:00,77299.3303692544,1552451459581.1902,14542862441.304907,0.13888450555852305,0.08297225632954533,77252.35002795802,77267.9164248462
2026-09-13 07:00:00,77098.83617669597,1548426735069.6257,14742500666.60643,-0.2593737767205506,0.12956145961635482,77229.0941645289,77256.86895778154
2026-09-13 08:00:00,77101.20979166444,1548474405943.2498,14675726287.465492,0.003078665108557921,0.12982652325392663,77206.62043187764,77246.61610472828
2026-09-13 09:00:00,76790.97168368855,1542243689573.8567,14921026323.221628,-0.4023777432470732,0.18384446205359692,77133.47555853985,77220.4636273937
2026-09-13 10:00:00,76774.74504686284,1541921868394.6196,15429199502.742489,-0.02113091743720652,0.1848038517620787,77062.17223882109,77194.63366438197
2026-09-13 11:00:00,76639.40143000401,1539203666172.5889,15432761961.99272,-0.1762866379773853,0.18733246078417748,76985.23099568568,77160.95404545563
2026-09-13 12:00:00,76752.89745255162,1541483087602.5806,15683303707.023779,0.14809095638783631,0.20642397854456737,76922.48456438884,77127.96610215318
2026-09-13 13:00:00,76730.11419513759,1541025515222.2551,15790539837.140831,-0.029683905325028626,0.18519724099134108,76841.16796808643,77097.64178963388
2026-09-13 14:00:00,76827.75244836867,1542986453780.3313,15351604026.017689,0.12724893512183755,0.1892260343619794,76802.44172118253,77072.8238528104
2026-09-13 15:00:00,77186.99824765752,1550201442950.4585,15781636756.192661,0.4675989962484861,0.27363159746274573,76814.69721489583,77072.53046020068
2026-09-13 16:00:00,77112.0023446134,1548704191824.8123,15752406316.005302,-0.09716131569658115,0.21353204689568817,76860.55873788509,77071.98690924828
2026-09-13 17:00:00,77261.01354899621,1551697602572.8315,16019726500.412092,0.19323996245990127,0.21535334404293544,76930.0256667613,77079.0048003105
2026-09-13 18:00:00,77304.39364979762,1552568841446.3706,15964962326.329853,0.056147465336975344,0.18283850011608999,77025.02455530324,77086.23691711602
2026-09-13 19:00:00,77322.83387513856,1552939191926.361,15585976335.664717,0.023854045637405896,0.18607075543267138,77106.44404424423,77089.91425310992
2026-09-13 20:00:00,77256.82950352236,1551613570885.534,15169799376.183813,-0.08536207004878893,0.193859221627635,77181.68908829919,77091.73569478122
2026-09-13 21:00:00,77321.00762265742,1552909549980.9028,14929316281.806286,0.08307112723560106,0.1934646689729368,77252.15411319758,77094.56333296967
2026-09-13 22:00:00,77263.3336825517,1551751230720.3433,14787941932.544365,-0.0745902593344061,0.10712063571377117,77263.05917532532,77094.79227403292
2026-09-13 23:00:00,76682.56817293397,1540087178040.2974,15579620760.23573,-0.7516702709255307,0.3113866547049095,77201.71143651397,77065.24857764631
2026-09-14 00:00:00,76819.04496746542,1542831471374.2715,16138951580.829597,0.17797629602553933,0.30920563684029617,77138.57306772386,77043.59032443541
2026-09-14 01:00:00,76766.97307322748,1541785660960.4814,16743047252.682852,-0.06778513617293758,0.3035054187293646,77061.79869964242,77024.01808354378
2026-09-14 02:00:00,77070.31000728291,1547880337397.2,17123571168.428473,0.39513989142971884,0.35642690391713155,77025.72386137732,77018.21749000346
2026-09-14 03:00:00,77570.55529884281,1557927265333.625,18478637019.95591,0.6490765270213972,0.44102565595877696,77070.54183213739,77031.132962841
2026-09-14 04:00:00,77551.75331241178,1557551817630.8308,19331354892.65918,-0.024238561086220578,0.44190333234719015,77103.5055021023,77052.70044549413
2026-09-14 05:00:00,77644.99458254549,1559425409930.6108,19658908717.22034,0.12023102786353768,0.43936021802247066,77158.02848781568,77078.59495934562
2026-09-14 06:00:00,77585.97976119716,1558240153721.0134,19909347039.84479,-0.07600595719740033,0.27003005692128923,77287.08728613901,77116.45248684603
2026-09-14 07:00:00,77556.33204977703,1557648585626.6025,20079514828.9111,-0.038212717698971055,0.28081593646944825,77392.41401218352,77153.67091555623
2026-09-14 08:00:00,77852.74279105471,1563603439280.9639,20418753413.98682,0.3821876737123642,0.2776396667467867,77547.52397187313,77211.44907560626
2026-09-14 09:00:00,77697.78667140036,1560491282753.872,20502581498.62575,-0.19903745725469157,0.2984982117613306,77637.16349531848,77256.44380031334
2026-09-14 10:00:00,78113.21706168602,1568834834486.8643,21008440571.109196,0.5346746774687494,0.2658071679223572,77714.68660429609,77322.30584157754
2026-09-14 11:00:00,77879.63832939527,1564143612365.9824,21400720026.34342,-0.29902587689647486,0.30465520375577176,77761.527321008,77372.39564543596
2026-09-14 12:00:00,77729.73391218342,1561132914811.6917,21555273518.731815,-0.19248216918755778,0.31714039293231067,77773.63293952771,77398.24020088957
2026-09-14 13:00:00,77648.74922001359,1559506408940.9133,22005759633.60556,-0.10418753299905603,0.3186783783755533,77782.60000507292,77423.79957590863
2026-09-14 14:00:00,78167.60870876731,1569927242581.884,23526425611.51832,0.6682135822736246,0.4012804662782083,77869.92524207152,77466.97077399297
2026-09-14 15:00:00,78476.07323013752,1576133544628.8289,25011366781.766994,0.3946193653172614,0.40269587258391154,77958.97244765479,77522.76503972344
2026-09-14 16:00:00,78561.78960637822,1577855094272.6394,26297048833.843723,0.1092261280573048,0.37881798755483087,78082.40143836591,77581.76293168723
2026-09-14 17:00:00,78760.57618669112,1581847574841.0083,27129659809.497692,0.2530321436271743,0.34574541019782257,78174.88131336663,77653.36991660003
2026-09-14 18:00:00,78928.36036442495,1585217395219.364,28223239825.04736,0.21303066312785557,0.2928040795917952,78324.6987469423,77729.91052335087
2026-09-14 19:00:00,79208.67421437381,1590847290342.0825,29822404101.735836,0.3551497188774677,0.24178239505176832,78535.9759329695,77822.54578677096
2026-09-14 20:00:00,78986.36847021278,1586382444866.0818,30763077693.47152,-0.2806583323934575,0.2913948117909919,78727.06439728368,77932.25056283186
2026-09-14 21:00:00,79095.98825234124,1588594675495.44,32139267516.68492,0.13878316505941957,0.22406639652035604,78859.69004636565,78040.67643354024
2026-09-14 22:00:00,78752.62563068564,1581700888022.0808,32944939224.64807,-0.43410876991657465,0.29325784530636106,78899.19753215824,78135.23131722871
2026-09-14 23:00:00,78539.73849882335,1577425173240.2761,32478188091.137917,-0.2703238528968255,0.31490844185193284,78896.04737393613,78205.20410254018
2026-09-15 00:00:00,78173.35158344489,1570066504182.9238,32369566520.9512,-0.46649877168097875,0.33403593390980957,78812.15814490094,78233.90868752121
2026-09-15 01:00:00,77947.75375697915,1565535502459.5007,32135555828.390846,-0.2885866115449054,0.3067885419696412,78672.0714866944,78252.76585154825
2026-09-15 02:00:00,77914.82487731134,1564874144977.1943,32376715416.573685,-0.04224480896584115,0.21459579039210785,78487.23586711405,78265.61491320375
2026-09-15 03:00:00,77885.53242277539,1564291664403.1025,31271809397.323826,-0.03759548273654101,0.22533584442269028,78329.973574623,78279.87932565986
2026-09-15 04:00:00,77649.53357250191,1559551746438.7803,30631518126.35101,-0.30300730178287605,0.16957724065452529,78123.33719178881,78284.31749340866
2026-09-15 05:00:00,77553.34934800449,1557619934766.5986,30960816395.649395,-0.12386967451338826,0.15758012215373504,77952.01200854864,78270.06066278722
2026-09-15 06:00:00,77613.70136217166,1558832074553.7312,31297238855.060688,0.07781999704017384,0.19019953497499267,77819.72098902697,78266.056600443
2026-09-15 07:00:00,77250.88177147276,1551553523532.6125,31020577275.276173,-0.4674684808624985,0.1904523942954683,77687.93958731668,78224.99301519475
2026-09-15 08:00:00,76901.98818177807,1544546133247.669,31431024215.54751,-0.451637032088259,0.2157647440999551,77538.54450514508,78178.4382462606
2026-09-15 09:00:00,76930.03726083726,1545109487949.2356,31974513491.618977,0.036473802202463546,0.22668076126948886,77397.8605599345,78140.35745333935
2026-09-15 10:00:00,76965.81078393573,1545827985065.9001,31465977911.84698,0.04650137237964813,0.23753651702909195,77266.47175438597,78107.83657543089
2026-09-15 11:00:00,77022.84521789337,1546973499200.3723,31842941781.568798,0.07410359661870203,0.2448137278275116,77176.94484658477,78053.32402824641
2026-09-15 12:00:00,76908.56708883471,1544685189774.85,31909874484.44563,-0.14836913481366398,0.24512925683767142,77084.8330952748,77978.68087866057
2026-09-15 13:00:00,76930.76343293399,1545130996598.3955,32007686264.70229,0.028860691259069426,0.23920642771791545,76987.27053395512,77901.01296563941
2026-09-15 14:00:00,76548.36571655248,1537453333906.5789,32666690518.793045,-0.4970673620246613,0.24640323614967619,76886.91109753794,77795.66960991852
2026-09-15 15:00:00,75903.01064422875,1524493220745.7053,34111243702.350426,-0.8430683872643119,0.3529136542293943,76744.20002074518,77651.60533752822
2026-09-15 16:00:00,76487.74001260675,1536237365681.4236,34958051572.581055,0.7703638675397695,0.5058988713238003,76681.01469956941,77522.037042206
2026-09-15 17:00:00,76348.08889562926,1533434874281.5122,34712942488.844604,-0.18257974017074075,0.5036628034131179,76592.76871552561,77396.40468151153
2026-09-15 18:00:00,76912.76082931667,1544776188100.486,35452342086.731,0.739601923054467,0.5988871031816223,76577.04237430038,77292.44147089131
2026-09-15 19:00:00,75965.38663268033,1525748381993.8716,38608992471.18075,-1.2317516448781984,0.7570315310903866,76442.30230913547,77159.71580431964
2026-09-15 20:00:00,76112.81468027529,1528709442485.3582,39833428783.67552,0.19407266141859836,0.7669088172801457,76325.45248732707,77044.14800343639
2026-09-15 21:00:00,75886.40225495906,1524161997827.9656,39652512141.73348,-0.2974695210882894,0.7554821229491661,76230.88627852802,76935.24565446089
2026-09-15 22:00:00,75383.70543389375,1514076296012.9646,39195291321.24173,-0.6624333294604989,0.7293630947120866,76156.69981990872,76813.14811526633
2026-09-15 23:00:00,75645.58490916989,1519336126418.5637,39561596792.91902,0.3473953340033198,0.6598606883422331,76036.39194798919,76705.08906916437
2026-09-16 00:00:00,75590.24471973324,1518224622698.2222,39803154169.39753,-0.07315719681869615,0.6604265220126757,75928.12849428973,76595.78965473379
2026-09-16 01:00:00,75725.34326068543,1520938067166.152,39736266269.59647,0.17872483605934075,0.5626314748056982,75758.4974130567,76504.16154464727
2026-09-16 02:00:00,75446.75318883032,1515342605631.4275,39490362672.246864,-0.36789542293135247,0.3633386704957702,75684.40692107813,76403.84744182946
2026-09-16 03:00:00,75831.86578487034,1523077564394.7844,39837736617.05086,0.5104429014674228,0.4207561167941966,75644.27136459171,76318.99812862465
2026-09-16 04:00:00,75772.47164617064,1521892214642.5435,39762363875.19959,-0.07832345688051356,0.4073932892840452,75627.99556333623,76248.5976464674
2026-09-16 05:00:00,75814.08003963677,1522727920390.3457,39417979600.713394,0.054912282207753016,0.29333433243570484,75689.47764987094,76196.7924968416
2026-09-16 06:00:00,75915.8176573905,1524771323291.5825,39363195998.648575,0.13419356628812107,0.27140078478457874,75728.08232818819,76148.49632524893
2026-09-16 07:00:00,75963.64384661049,1525735483932.4602,39365731831.13742,0.06299897794137532,0.26581858088844745,75781.42506059921,76100.77409013819
2026-09-16 08:00:00,75698.67948617562,1520415017457.0295,39024132890.58983,-0.34880417396760954,0.302362749279754,75777.61594995495,76037.71857910401
2026-09-16 09:00:00,75674.96622295785,1519938734359.9673,38921656514.31686,-0.03132586113618885,0.25855813403555233,75810.21781197317,75978.97568072894
2026-09-16 10:00:00,75930.76771866258,1525076531190.7358,39000489382.74873,0.33802657400741065,0.2103795470702439,75824.34665965778,75931.3568371922
2026-09-16 11:00:00,75892.18304513379,1524307474024.8127,38525352533.70286,-0.050815597797926326,0.2085113820823462,75841.44828808108,75900.1100433151
2026-09-16 12:00:00,76193.42443204131,1530357958793.1277,38657016381.19472,0.396933353107487,0.2526973892030294,75895.64034413887,75913.93927130618
2026-09-16 13:00:00,75900.63404614376,1524479642645.5088,38353308634.618256,-0.3842725118080148,0.30238981959023575,75893.47125681791,75885.98184433176
2026-09-16 14:00:00,75608.32776166973,1518610274966.8828,36866085503.307045,-0.3851170522453429,0.3321865143829028,75842.71181611209,75850.75512366703
2026-09-16 15:00:00,75628.25325189572,1519010482921.3071,34479075031.488846,0.026353565560643943,0.308462277684353,75832.65092550068,75789.58809617079
2026-09-16 16:00:00,75746.91554787687,1521393841835.1052,33598339520.062916,0.15690207148633117,0.31472772967534746,75842.92940048911,75779.18471118013
2026-09-16 17:00:00,75714.00801351186,1520732886603.1887,33081178838.67948,-0.04344405858243139,0.2804283767298719,75811.96372832471,75760.19391752474
2026-09-16 18:00:00,75709.45598384431,1520641458063.1094,32466388224.19465,-0.006012136706246007,0.2806647390907605,75785.85986242622,75751.7679046145
2026-09-16 19:00:00,75761.23608006895,1521687609606.4253,32015180580.377308,0.06839316905895565,0.21677004841455863,75724.11866928732,75769.74555443237
2026-09-16 20:00:00,76006.3523147599,1526610844185.761,31847309757.083496,0.3235377976567033,0.2168260402919547,75739.22127908962,75786.92495469857
2026-09-16 21:00:00,76117.4361019963,1528843898979.9453,31760058746.985577,0.14615066221881357,0.12480750713813654,75811.95104199342,75812.02930623491
2026-09-16 22:00:00,75935.57796021894,1525193344203.485,31149026935.224148,-0.23891784995708765,0.1782877384710911,75855.85457175388,75822.04048240317
2026-09-16 23:00:00,75622.80385532479,1518911844626.017,30569798392.871693,-0.41189402029442324,0.24345380327544058,75838.12432996072,75830.42384747433
2026-09-17 00:00:00,76146.81236783884,1529436748434.9944,30782581511.828445,0.6929239406628485,0.36298180016019815,75899.953523436,75845.42130380616
2026-09-17 01:00:00,76290.51273559735,1532325464499.5671,30999323490.112553,0.18871488285596705,0.36257174173676204,75982.96163082929,75870.0899271122
2026-09-17 02:00:00,76319.53544858546,1532908397299.0186,31179721836.081837,0.03804236194964172,0.3633307309689037,76062.71868347451,75894.15923230024
2026-09-17 03:00:00,76308.60784780057,1532691277633.057,31235654783.020866,-0.014318222353770782,0.3517978000237193,76105.89804533745,75912.86352708166
2026-09-17 04:00:00,76379.69412194121,1534119076087.3557,31080082537.70363,0.09315629801873726,0.35013191710142466,76143.36347675815,75932.67544495456
2026-09-17 05:00:00,76474.62583647082,1536029873644.4211,31024114994.122307,0.12428920490050732,0.3263412852101809,76220.37031622273,75969.6252711591
2026-09-17 06:00:00,76255.85246759058,1531636619714.3806,30768594773.599297,-0.2860731471221012,0.29534016434111254,76310.80583226068,75997.2865209035
2026-09-17 07:00:00,76412.86027527358,1534790199407.5664,30655290633.61008,0.20589607564838186,0.16740754860350773,76348.81267617994,76020.24330931355
2026-09-17 08:00:00,76389.80825429753,1534327188132.46,30163951141.743076,-0.0301677242456333,0.15730768475100304,76362.99775027996,76043.93974784517
2026-09-17 09:00:00,76501.71322528768,1536574854979.6628,29579423256.36037,0.14649201712566562,0.1646982380807136,76389.0231469517,76058.62016657119
2026-09-17 10:00:00,76405.27780547379,1534637901740.7324,29467132219.302113,-0.12605654925648135,0.17525864631246027,76402.83314090502,76082.65082177737
2026-09-17 11:00:00,76329.32226836545,1533118021803.1353,29564989127.13241,-0.09941137482900597,0.17664350498534834,76395.63716182277,76116.98389352478
2026-09-17 12:00:00,76393.53179481809,1534409158282.6802,29262350208.211563,0.08412170388056861,0.17217694514553672,76384.05229872953,76153.42572890205
2026-09-17 13:00:00,76679.01982264512,1540144350586.7803,29944670169.83365,0.37370706801957976,0.17950502132365603,76444.50477802302,76197.81164674814
2026-09-17 14:00:00,76632.21849484988,1539204317696.8123,30087737757.084843,-0.06103537565228523,0.17643756568502078,76475.84166653393,76241.5359553833
2026-09-17 15:00:00,76443.5456147915,1535417996203.5544,30860348142.66519,-0.24620568706498203,0.2071940194355526,76483.51843231879,76276.492604476
2026-09-17 16:00:00,76705.8650416903,1540688308762.6023,30819115157.74735,0.3431544478858406,0.23955592970889197,76512.68297751916,76321.4749359818
2026-09-17 17:00:00,76686.8606201434,1540306592317.8926,31096206653.703884,-0.024775708528368412,0.23087416752630008,76552.90909390054,76353.88009338101
2026-09-17 18:00:00,76606.12470764066,1538688098677.006,30616687829.281136,-0.10527998127691784,0.2315287130615601,76592.45229951128,76377.15097936407
2026-09-17 19:00:00,76518.29591994952,1536925678871.616,26578406414.982872,-0.11464982470569263,0.23899495147996064,76610.27574595863,76404.89945363696
2026-09-17 20:00:00,76532.82485944452,1537219416519.0623,25211434448.833344,0.018987536667292026,0.1835546290557148,76589.39075121567,76448.23378716648
2026-09-17 21:00:00,76496.89607709019,1536497759871.1025,24533655045.282677,-0.04694558500919488,0.18319757519775098,76570.05897725001,76464.90443998796
2026-09-17 22:00:00,76351.21604228596,1533571666674.9934,24348531764.13961,-0.1904391449522591,0.17290333558396942,76556.86903832064,76467.79507363979
2026-09-17 23:00:00,76353.2776230547,1533613075077.1038,24063278814.275494,0.002700128269861324,0.0746096068261204,76506.49940708699,76469.40184385263
2026-09-18 00:00:00,76371.3617203135,1533982493868.1716,23628097103.02466,0.023684768777165743,0.08102044003085489,76461.42813568273,76472.3901234961
2026-09-18 01:00:00,76526.045747213,1537089451554.926,23414176764.17981,0.20254192594597598,0.12384051506985154,76449.98828419307,76479.35924850903
2026-09-18 02:00:00,76687.7376556472,1540338855517.1072,23203242838.493053,0.2112900344652946,0.1402600645204376,76474.19424643558,76489.50743037458
2026-09-18 03:00:00,76924.54758447783,1545095385646.9695,23393415586.58105,0.3087976462338382,0.17448347962512895,76530.15463572605,76521.35005498826
2026-09-18 04:00:00,77316.48429533666,1552970166793.4067,24606696411.626575,0.50950798303806,0.22894129180839584,76647.23866690413,76564.37977022935
2026-09-18 05:00:00,77488.22238991703,1556419678754.7434,25286818674.822937,0.22212351757273652,0.1719208561555031,76809.66814513713,76616.68520525885
2026-09-18 06:00:00,77429.8710715553,1555249344224.9922,26041164428.695328,-0.075303467497434,0.1893557314458789,76963.46720920864,76660.88319793827
2026-09-18 07:00:00,77525.33865153576,1557166897348.93,26491633307.32883,0.1232955429981697,0.17721803674445344,77128.32105652611,76714.21942870312
2026-09-18 08:00:00,77735.27104820966,1561383580364.6738,27118237792.365475,0.27079197630792695,0.1783176289612961,77301.06752809706,76781.16937060046
2026-09-18 09:00:00,78183.12810436488,1570385763822.3762,28849372635.583336,0.5761310793879648,0.22186381226133403,77514.69473505672,76866.38824248363
2026-09-18 10:00:00,78146.1136857525,1569642292469.2288,29985887465.049656,-0.04734323057906664,0.25200439377585565,77689.20417809596,76936.24985501256
2026-09-18 11:00:00,78215.4882673457,1571038487371.5774,30233442071.14203,0.08877547240824235,0.22130933341612352,77817.6333169544,77011.64365370285
2026-09-18 12:00:00,77998.59940735795,1566683221635.9663,30519663987.47126,-0.27729656209063425,0.2741939269145453,77890.54431944597,77085.69383430124
2026-09-18 13:00:00,77976.49790115296,1566240771385.4282,29856752503.245316,-0.028335773171461742,0.2698972013201172,77968.63386653134,77146.20016094233
2026-09-18 14:00:00,80014.1246612521,1607169709005.2595,33128549717.706867,2.6131293594156224,0.9884711842078302,78324.17472506224,77304.64130575703
2026-09-18 15:00:00,80901.08489368358,1624987281283.0178,37022353825.39801,1.1085045748941313,1.0126481858318037,78776.43384584424,77509.16321937813
2026-09-18 16:00:00,80693.63031541022,1620820327878.3613,39220793856.98087,-0.25642990887697614,1.0604265916455309,79135.07701885072,77707.988666781
2026-09-18 17:00:00,80823.97650530725,1623441222498.4531,40535568909.93284,0.16153219205472524,1.0467102568562177,79517.62885021568,77912.32922134589
2026-09-18 18:00:00,80930.7294057089,1625585475560.8093,40929635037.4204,0.13208073274475485,1.0440881425145025,79905.52044141044,78123.46414175633
2026-09-18 19:00:00,80917.01895276866,1625313079495.5522,41568874820.40887,-0.01694097290475538,1.0163297705111831,80322.43751932624,78340.88332796979
2026-09-18 20:00:00,81165.49090501893,1630305958754.4277,42924468531.32456,0.307070076809568,0.993235945362581,80778.00794844994,78570.03634139666
2026-09-18 21:00:00,81109.14633748903,1629175021818.9502,43732318199.82359,-0.06941936394598835,0.4417304039324536,80934.4396164838,78795.64513269071
2026-09-18 22:00:00,81233.27558568334,1631668307468.8062,44325641306.267715,0.15303976653608942,0.18618533140530738,80981.89542962662,79019.79893452265
2026-09-18 23:00:00,81124.11668162764,1629479775441.0432,44526837878.17969,-0.13437708041277308,0.15482920891700525,81043.39348194339,79231.05507861695
2026-09-19 00:00:00,80873.58287659245,1624449753756.773,44737458821.40004,-0.30882777561499486,0.2054004562696879,81050.4801064127,79419.10437824145
2026-09-19 01:00:00,81605.60145345944,1639153286784.9993,45812487262.72216,0.9051392937345248,0.39911597622353395,81146.8903989485,79623.34805243778
2026-09-19 02:00:00,81260.24416188644,1632216342144.993,45916075753.177895,-0.423202924090893,0.44870156747028456,81195.9225716796,79802.96813681728
2026-09-19 03:00:00,81275.55262020552,1632523832186.392,45487999592.146164,0.01883880423565465,0.43542257983237964,81211.64567384913,79986.09582961013
2026-09-19 04:00:00,81110.5819161594,1629216997062.1228,44312260085.89119,-0.20297703150295998,0.44286511742675244,81211.85075651632,80156.82169935413
2026-09-19 05:00:00,80992.8673990948,1626854564775.106,43694278458.436195,-0.14512843365650507,0.4401453967096595,81177.50672986082,80311.94533511055
2026-09-19 06:00:00,81024.67802451286,1627493525498.8289,43031053160.58941,0.039275835563779005,0.438930564709776,81163.30120741585,80447.25723606999
2026-09-19 07:00:00,81026.26995674276,1627528580673.4866,42438860248.493,0.0019647498376018646,0.41975579117136574,81185.11364743732,80584.40753468857
2026-09-19 08:00:00,81098.54209782656,1628981810920.8884,41264627382.25591,0.08919593746865573,0.18071381666915678,81112.6765966326,80721.69581233051
2026-09-19 09:00:00,81285.51268824431,1632737386336.785,40434742706.27192,0.2305474125443796,0.14441121961082048,81116.28638611232,80878.21549237272
2026-09-19 10:00:00,81301.07555919111,1633053485112.1633,39948492392.31762,0.01914593441330048,0.14441633774329707,81119.93252025312,81036.52871418407
2026-09-19 11:00:00,81203.08709644122,1631087270618.2341,39777177936.96319,-0.12052541996022681,0.12697609603315482,81133.14754600766,81093.14597300258
2026-09-19 12:00:00,81276.42776648348,1632560673136.4536,39375479612.70033,0.09031758848669913,0.10662432644607246,81173.65616992033,81111.01944313591
2026-09-19 13:00:00,81303.83303759771,1633111149690.2002,38999433338.28509,0.033718596974963155,0.10673801470031281,81213.53545750388,81140.07671562105
2026-09-19 14:00:00,81323.96763620769,1633515583728.006,35430631747.60085,0.024764636374108306,0.10539600562943846,81256.06369742744,81163.8858170925
2026-09-19 15:00:00,81543.5714688772,1637930493272.4617,31256839560.233547,0.2700358074656295,0.1341458182816172,81319.63932186326,81193.06877248145
2026-09-19 16:00:00,81616.22715399746,1639389896632.2166,29080196770.466995,0.08910044508902981,0.11693726477310284,81366.88424554227,81226.36440111141
2026-09-19 17:00:00,81817.26303085411,1643428017443.1372,27929441744.444492,0.24631851271110783,0.13453097112779555,81440.62531292268,81257.40116900831
2026-09-19 18:00:00,81451.70400617635,1636089263821.134,27210618364.801754,-0.44679938088358906,0.23719332216776917,81476.14201431342,81273.71343894581
2026-09-19 19:00:00,81407.1543785679,1635194412469.3208,26417004901.885395,-0.05469453113600142,0.23879304844992777,81494.8172446112,81281.99338146411
2026-09-19 20:00:00,81321.60859090071,1633477875986.3298,25130947423.889126,-0.10508386924983348,0.2434913670667919,81497.35660936878,81291.39775809617
2026-09-19 21:00:00,81107.41299929535,1629175406248.166,24525061721.25901,-0.26339320546755474,0.2628609479503407,81466.420232667,81302.53252584393
2026-09-19 22:00:00,81077.19287844416,1628568385559.8716,24490759591.47204,-0.03725938201414314,0.22595352901793417,81399.794719748,81277.37021274796
2026-09-19 23:00:00,81226.58014364234,1631569073776.492,24233577186.704716,0.1842531295109806,0.24034434219379305,81344.13086112586,81275.76716426015
2026-09-20 00:00:00,81236.41383660372,1631766599626.8777,24055616822.501354,0.012106496351305118,0.2026214832520302,81261.15240480436,81273.90341266005
2026-09-20 01:00:00,81267.50180980323,1632391052552.866,23514911240.082977,0.03826851990542668,0.13727998757840543,81234.83780532249,81281.37578854786
2026-09-20 02:00:00,81062.07358503582,1628264689756.1238,22797660941.091827,-0.2527802875597063,0.16103633451287022,81185.54054910362,81284.67132121172
2026-09-20 03:00:00,80275.857517878,1612472250652.909,23305978298.742023,-0.9698938509549171,0.381590381058289,81036.14753867181,81249.01320184815
2026-09-20 04:00:00,80456.86537536806,1616108090323.483,24663515820.421383,0.22548230948482573,0.4084512656085983,80943.21216382504,81221.89869797317
2026-09-20 05:00:00,80398.7910887005,1614954919233.2556,24667059725.162045,-0.0721806478497733,0.40756634446492845,80846.29762243309,81188.57722134811
2026-09-20 06:00:00,80464.43921945192,1616273580499.922,25221690691.568558,0.08165313167332044,0.3965278916045008,80737.42034754876,81149.47848473895
2026-09-20 07:00:00,80279.11386599072,1612550986078.0654,25457430916.907707,-0.23031957378807366,0.39221299663431813,80600.66320888975,81100.8136422056
2026-09-20 08:00:00,80286.81142799527,1612709619853.2954,25277194537.273838,0.009588498967993964,0.3898351743699515,80460.56458291718,81057.1814675177
2026-09-20 09:00:00,80231.02432377993,1611591038099.8728,25001711527.206093,-0.06948476745196608,0.38971061046360456,80341.84325988062,81007.40035119849
2026-09-20 10:00:00,80440.85039486186,1615805789420.3933,24203431117.98394,0.26152734911517594,0.1746450280048834,80365.41367087832,80966.30593963963
2026-09-20 11:00:00,80291.58373525404,1612807487791.5835,23869615359.35354,-0.18556076778789565,0.16667498659543456,80341.80200800489,80917.14480149899
2026-09-20 12:00:00,80444.85492504438,1615886227941.6304,24049429693.29715,0.1908932202604463,0.1841278900480402,80348.38255605401,80864.82496607838
2026-09-20 13:00:00,80450.67040420262,1616006582608.9377,23970244415.834938,0.0072291499110477275,0.181315498287956,80346.41558244698,80809.32226370719
2026-09-20 14:00:00,80531.50045682659,1617630209813.7415,23694059717.40367,0.10047157123471706,0.1528570382676313,80382.47080970925,80748.09547446777
2026-09-20 15:00:00,80652.47933380083,1620061513229.2974,23450517080.655838,0.15022553446535358,0.15663015627675708,80434.70908196717,80710.03715673562
2026-09-20 16:00:00,80894.08811152376,1624914694250.891,22984059384.783913,0.29956770048316095,0.16565275732666626,80529.43248021629,80685.60542973352
2026-09-20 17:00:00,81300.35629387794,1633079687772.632,23937199065.956005,0.5022223401468962,0.21737396267923115,80652.21903721859,80684.59341558957
2026-09-20 18:00:00,81121.31195512225,1629485496790.0916,24190266577.744286,-0.2202257738065705,0.22655099266262713,80770.75164005691,80685.25527062894
2026-09-20 19:00:00,81043.12277078643,1627914909002.3652,24153437019.530293,-0.09638550271360291,0.24275698153998912,80856.21847516291,80683.63288455001
2026-09-20 20:00:00,81168.71681341677,1630437719174.1558,24094432428.610943,0.15497186971134003,0.2391175991564847,80958.79653362208,80680.8774878726
2026-09-20 21:00:00,81071.42688202347,1628489534636.186,23804703749.8108,-0.11986136434427586,0.2570607008389579,81035.92888007879,80673.02096622593
2026-09-20 22:00:00,80900.96997873778,1625068139287.063,23632782930.39914,-0.21025521548270198,0.27946864391623316,81071.4275436412,80655.56706950853
2026-09-20 23:00:00,81197.32632288539,1631023360630.7053,23889450696.689007,0.36631988989193065,0.29055012625813287,81114.74728812142,80662.00767607278
2026-09-21 00:00:00,81169.03511950027,1630456856533.6533,23789617808.46851,-0.03484253074124144,0.21296095563852846,81095.9871203532,80704.53994281671
2026-09-21 01:00:00,81592.86036903408,1638970309761.9333,25058458902.817703,0.5221513954303258,0.2743237931514887,81163.35117948345,80758.63494251508
2026-09-21 02:00:00,80978.55537189932,1626630655938.1978,26290363583.316864,-0.7528906259154811,0.4196605801316923,81154.12726535673,80786.24276552454
2026-09-21 03:00:00,81293.14737623878,1632954230063.5522,25794076283.60722,0.3884880421670678,0.4436160215621807,81171.90306004557,80825.70505870489
2026-09-21 04:00:00,81402.82033078084,1635157744452.8132,24823827678.264725,0.13491045442548533,0.4404071158108699,81219.24498129662,80879.21489036155
2026-09-21 05:00:00,81374.90685980523,1634599074318.505,24767299018.944927,-0.0342905452933806,0.42729530008413064,81286.95025002056,80931.02895854299
2026-09-21 06:00:00,81533.64648796487,1637789023357.474,23704969993.083015,0.1950719629493669,0.4131224634885903,81334.99598788905,80993.05858540891
2026-09-21 07:00:00,81619.9501019392,1639522628043.7812,23990226003.362743,0.10585030559999709,0.4111684029021273,81399.41241395175,81049.20619050784
2026-09-21 08:00:00,81724.18158336761,1641620195824.1196,24617198094.239876,0.12770343684138652,0.3648807024579482,81418.17258742798,81117.4251356561
2026-09-21 09:00:00,83733.7521341574,1681989185932.0667,30193430878.219093,2.458966871072077,0.8806731212784472,81811.77212489342,81274.03928847102
2026-09-21 10:00:00,84619.91534546805,1699789856514.7876,36959640174.9325,1.058310643825977,0.9048286129681608,82287.02469192617,81472.57476186461
2026-09-21 11:00:00,84398.43980182928,1695344122495.548,39280872022.54799,-0.2617298099798049,0.9485683264689246,82714.97033064738,81656.71473067427
2026-09-21 12:00:00,84824.33784541108,1703900404035.9104,40908380119.28247,0.5046278634792456,0.9173037798472832,83207.74618573394,81855.37465979856
2026-09-21 13:00:00,85288.12590784895,1713218235547.5913,43946492626.34275,0.5467629623977732,0.9010179973117249,83744.10038857452,82064.61455486166
2026-09-21 14:00:00,85458.23683218673,1716635324791.1306,47519886205.54074,0.19945440531965453,0.8922719719353682,84292.42706432416,82262.6088662097
2026-09-21 15:00:00,85822.11261773574,1723944649795.532,51052313769.819954,0.42579369647368637,0.869340176229055,84877.8457835196,82486.45651681034
2026-09-21 16:00:00,85928.37009570333,1726084243873.2986,53442723799.67589,0.12381130541598839,0.41130370960766993,85191.36263516903,82719.08734180639
2026-09-21 17:00:00,85982.6621210711,1727176983305.0022,53996514712.50275,0.06318288745301714,0.287495006159821,85386.04074596947,82948.32283264707
2026-09-21 18:00:00,85873.129903004,1724977785023.5413,54236077915.49327,-0.12738872624445952,0.25152247265229055,85596.71076042298,83176.97535745567
2026-09-21 19:00:00,86053.17874673507,1728597186521.263,55094136533.718216,0.20966843054917028,0.2246421771932117,85772.25946061213,83422.3186321222
2026-09-21 20:00:00,86546.3534978703,1738505761040.5073,57496202325.91271,0.5731046293905084,0.23142216630242954,85952.00625918662,83677.0342118834
2026-09-21 21:00:00,86968.79677586093,1746991619113.287,59765617389.89998,0.4881121629243701,0.2539241657885335,86167.80053685434,83953.21333837675
2026-09-21 22:00:00,86582.73124135063,1739238925752.8298,60116682931.82281,-0.4439127006727328,0.3490420923570636,86276.4603402279,84190.8262370585
2026-09-21 23:00:00,86421.95454677695,1736009308466.0186,60589325104.24097,-0.18569141013293766,0.36852166494202515,86346.97240466699,84450.03572157648
2026-09-22 00:00:00,86596.74004249526,1739520328890.6677,61251744760.22805,0.2022466358634789,0.37105022379002567,86434.6978220133,84702.58775330297
2026-09-22 01:00:00,85912.669480049,1725778995796.7542,60877637739.96414,-0.7899495548106983,0.5011182408879457,86440.34633301974,84917.34247469669
2026-09-22 02:00:00,85588.85701086618,1719274381736.0474,60388930752.3246,-0.3769088670420251,0.5106601077487054,86374.01465646703,85118.00676760437
2026-09-22 03:00:00,85700.6334938903,1721528272632.6863,60964720750.168045,0.13059700401178986,0.43929647790805076,86253.19751304132,85316.43472026748
2026-09-22 04:00:00,85657.24434568283,1720658312101.4382,61555647857.70864,-0.050628736846569655,0.34894584806589624,86065.83288015875,85508.68682711241
2026-09-22 05:00:00,85425.68027695657,1716006719084.6245,61854059942.31231,-0.27033798541516996,0.3360047338579669,85900.53988524529,85684.94866966426
2026-09-22 06:00:00,85407.07033575483,1715636389579.4812,62411264579.17463,-0.02178494937518094,0.34213416944520075,85755.55642652784,85764.63048878795
2026-09-22 07:00:00,85359.21218813978,1714677160767.8826,62574747764.792366,-0.056035346285632226,0.30773412525123217,85578.7667330485,85799.83510034376
2026-09-22 08:00:00,85322.58646850348,1713941431332.8613,62828067757.26953,-0.04290775265776148,0.16960518405126512,85494.46915997055,85843.84208447109
2026-09-22 09:00:00,86180.10982376733,1731171740241.6074,59512427421.62879,1.0050367561002194,0.41622568544170047,85578.93384752786,85908.402654869
2026-09-22 10:00:00,86207.63632450446,1731724688019.0159,55519749613.166245,0.03194066565177511,0.41665284105720235,85651.3628233299,85952.18886518595
2026-09-22 11:00:00,85897.57760275183,1725499458096.568,53382005833.61478,-0.359665030816414,0.44857384840659503,85685.69614576832,85973.10985426047
2026-09-22 12:00:00,85954.88013701636,1726650544012.847,52464442019.081535,0.06671030297213942,0.4271776457406511,85761.29612577686,85979.43211708336
2026-09-22 13:00:00,85998.96708824938,1727536157001.9993,50621497496.12631,0.05129080648214046,0.42490471597825563,85845.85280470466,85982.79387863318
2026-09-22 14:00:00,86311.08308583916,1733805902898.619,49209788155.33096,0.3629299375996986,0.428837133136678,85981.83436151885,85998.43297219356
2026-09-22 15:00:00,86207.13787784762,1731723813261.9304,47730135821.49509,-0.12043089285319608,0.4358737947783533,86108.19884856802,86014.33811385278
2026-09-22 16:00:00,86412.01623033184,1735839397313.9321,46581658976.44861,0.23765822358527977,0.2344196838529924,86141.3283352201,86031.42561307165
2026-09-22 17:00:00,86395.87649360926,1735517083960.3162,46057611050.718,-0.01867765320919812,0.235439045780328,86168.21978794935,86024.26004144018
2026-09-22 18:00:00,86587.1444676524,1739361172671.89,46383599651.56697,0.22138553575214992,0.16709174691800363,86266.72934007799,86006.08612200168
2026-09-22 19:00:00,86476.73261291615,1737143221100.5378,46765784516.501,-0.12751529735166578,0.19077963238691287,86341.27969377798,86001.03856826671
2026-09-22 20:00:00,86220.71105203898,1732000264081.9822,45345741121.01437,-0.29605831897369095,0.24026709948191266,86372.95740289077,85991.45554470776
2026-09-22 21:00:00,86250.64221068537,1732605833250.083,44089951322.48135,0.0347145810805527,0.19355558241407322,86364.32299215451,85974.97469557395
2026-09-22 22:00:00,86187.63078333685,1731340057555.1172,43447686111.31549,-0.07305618339004116,0.189836987536121,86361.53626436727,85988.06809096862
2026-09-22 23:00:00,86120.19453430604,1729985395891.754,42873504200.62065,-0.07824353496888037,0.1579387349351391,86319.84745064928,86013.36987779908
2026-09-23 00:00:00,86183.29442787907,1731252948699.2454,43496653159.936775,0.07326956692823572,0.16449150494959222,86289.47858411641,86036.35373179855
2026-09-23 01:00:00,86450.1100863901,1736612750719.1472,42716981793.81476,0.3095909251117135,0.18896883821268345,86269.90224393607,86074.1092432608
2026-09-23 02:00:00,86347.69317612112,1734555396343.489,42083783897.97739,-0.11846938097201942,0.1881599625743894,86251.46803867965,86118.01461941151
2026-09-23 03:00:00,86527.61079359149,1738169587560.4329,41817396754.26661,0.20836412746245703,0.15979543397107537,86295.31085890144,86171.37368883229
2026-09-23 04:00:00,86693.1515712143,1741494976329.7063,41581859030.16376,0.19131555361870944,0.16791091242537842,86358.52648183414,86234.89461183583
2026-09-23 05:00:00,87158.43254422718,1750841556335.142,42389728691.179726,0.5366986487169934,0.22709231023295143,86497.21244767561,86322.31585353697
2026-09-23 06:00:00,86478.4432365406,1737194620333.8533,41857999891.973206,-0.7801761548907327,0.4216468195936329,86548.39083370913,86336.52220652618
2026-09-23 07:00:00,86458.90494964657,1736802131690.2964,41968040115.62237,-0.022593245394786354,0.42270266226110487,86587.76376539019,86348.48737915198
2026-09-23 08:00:00,86122.40386947783,1730042437085.171,41825362845.27283,-0.3892034954233181,0.4325839443005667,86540.94859154559,86359.19339185322
2026-09-23 09:00:00,85890.48261159069,1725383560878.9866,41340945717.75038,-0.2692925968934001,0.4400544975632086,86475.63279661267,86356.12684302342
2026-09-23 10:00:00,85840.42472906392,1724382538616.8225,40880857497.240555,-0.05828105862805133,0.4226352962936917,86377.463358823,86348.57720687173
2026-09-23 11:00:00,85904.75473339538,1725674814797.0542,40956070098.544205,0.07494138633925562,0.4107889083627522,86264.8352391346,86329.22823770775
2026-09-23 12:00:00,85646.19147499696,1720480735558.544,40934356910.60455,-0.3009882970981925,0.28794979140641463,86048.80080067313,86302.51650423867
2026-09-23 13:00:00,85476.40608139167,1717070046842.019,40665388301.05333,-0.1982404479186295,0.1683110584762188,85905.65263565187,86257.96364000344
2026-09-23 14:00:00,85790.32559371383,1723383942382.3413,40272331113.336716,0.36725867021507597,0.26212069863907883,85810.14129909003,86229.12788286555
2026-09-23 15:00:00,84470.52649714124,1696871389195.6848,43914166961.73581,-1.5384008481596156,0.6034212736948881,85574.15881732768,86128.33655093644
2026-09-23 16:00:00,83790.89567875945,1683218744436.0154,44879396348.96887,-0.8045774621811885,0.6356749251974443,85274.21782692321,86000.43955407184
2026-09-23 17:00:00,84058.64571541436,1688597394191.101,45870938910.25949,0.3195455001238079,0.6792383388739898,85019.67796783042,85897.48406185162
2026-09-23 18:00:00,84315.18573536711,1693750853487.4185,46028133314.45535,0.305191712011732,0.7053374290850951,84792.5966823978,85805.31946778885
2026-09-23 19:00:00,84336.728156199,1694183604638.3762,45506097506.38443,0.025549870576702105,0.7132613088297587,84605.5304939981,85717.18124744894
2026-09-23 20:00:00,84488.07876185968,1697232095649.396,44715460447.81474,0.17945989721153133,0.7290865668464485,84464.3408769221,85639.46144876102
2026-09-23 21:00:00,84226.4216925631,1691975818283.7402,44398019145.62241,-0.3096970284223066,0.6908111534479112,84240.92603390056,85546.2770327936
2026-09-23 22:00:00,84412.27791564194,1695709376338.4177,44570627303.63874,0.22066261316102675,0.41220472547327186,84232.6048079721,85449.23740561512
2026-09-23 23:00:00,84550.14189817327,1698478846060.244,44237076845.62518,0.1633221919080441,0.21703848153366345,84341.06855360264,85363.63972571284
2026-09-24 00:00:00,84382.39990356649,1695109174253.2031,43737548353.46009,-0.19839351045537468,0.22925360401151973,84387.3191519101,85261.48682618783
2026-09-24 01:00:00,84305.16437615956,1693557634462.4956,43865802121.717514,-0.09153037540433617,0.20488154729495606,84385.88752916615,85147.77315023285
2026-09-24 02:00:00,84092.35744951612,1689290836287.0386,43443294669.57801,-0.25242454387957025,0.22473745729206007,84350.97742821145,85001.76957429422
2026-09-24 03:00:00,84348.7467395268,1694442666734.3733,44003215260.36292,0.3048901205613186,0.24896076989652868,84331.07285359247,84900.35545538881
2026-09-24 04:00:00,83922.76015101028,1685886563431.5776,43337343884.9572,-0.5050301337991336,0.2933924561024188,84287.69263337064,84779.58665545375
2026-09-24 05:00:00,84025.88382839237,1687958168580.8516,41985621799.00434,0.12287927279384103,0.28032727209650304,84232.49347804928,84679.752367783
2026-09-24 06:00:00,83981.51168985666,1687068896195.0623,42091829286.29648,-0.052807702238910625,0.2622865072756935,84151.2605911469,84588.84899055758
2026-09-24 07:00:00,84091.30562156744,1689275761196.3635,41904081602.46939,0.13073583637819297,0.2702634579841544,84109.67569371847,84505.55760448633
2026-09-24 08:00:00,84510.58761009591,1697698545158.2966,42199797813.31699,0.4986032568162768,0.3382828928072434,84139.02186999508,84439.168693853
2026-09-24 09:00:00,83608.57754659448,1679582113594.1543,42680733674.634315,-1.0673337968764574,0.5361437152100598,84069.91045529199,84342.13945916717
2026-09-24 10:00:00,83238.11792042716,1672140085752.3022,43721069417.98403,-0.44308806229942377,0.5206959119996205,83911.24919542062,84235.55430864506
2026-09-24 11:00:00,83513.46462287672,1677671424880.9185,44222679326.84676,0.3307940031906931,0.5316004286360705,83852.77840568726,84127.13235765282
2026-09-24 12:00:00,83436.70362312958,1676132488409.558,43896671797.53927,-0.09191451952541563,0.5248621062917299,83768.60980493542,84077.90269698559
2026-09-24 13:00:00,83591.51084360712,1679242359730.1558,43397913459.47208,0.18553851453286807,0.5359930359647637,83712.89539832834,84068.40818102595
2026-09-24 14:00:00,84175.06643275567,1690965215970.7725,43694644148.32553,0.6981038902865944,0.6085542239198393,83724.86122849809,84073.95202470888
2026-09-24 15:00:00,83565.98156532156,1678734273718.759,40576615429.65121,-0.7235929750298298,0.6221299047996507,83589.91750781603,84038.27563565908
2026-09-24 16:00:00,84393.04495465662,1695350191081.5435,39768011576.21052,0.9897130074258298,0.6070924709009596,83701.98428039635,84040.9573879666
2026-09-24 17:00:00,84405.4140703454,1695598671067.7527,39012529514.63129,0.014656558126824315,0.5570246901840491,83868.74087324181,84037.02097408497
2026-09-24 18:00:00,84066.21951537457,1688784678825.9443,37932999656.51447,-0.40186350450001074,0.5959304003110553,83947.70585788437,84029.39229898075
2026-09-24 19:00:00,84456.14938451325,1696617879755.095,38211642365.02657,0.46383657001176637,0.6037222276679229,84093.34096665344,84031.48141654606
2026-09-24 20:00:00,84376.06808875743,1695009147185.549,38111972112.775345,-0.09481997029159306,0.6121625240987725,84205.4205731035,84023.19218752623
2026-09-24 21:00:00,84334.43946003784,1694172880361.759,38202513377.63002,-0.04933700948922537,0.560619137252974,84228.18814842953,84020.90835688204
2026-09-24 22:00:00,84319.76795203467,1693878148208.0608,38333477861.66097,-0.017396816884196475,0.45664791904244445,84335.87191795997,84021.60376525702
2026-09-24 23:00:00,84249.38872205936,1692464317944.5488,38402020671.63676,-0.0834670584190289,0.25543982331145165,84315.34959901751,84029.08144490195
2026-09-25 00:00:00,84377.96508359577,1695061262169.533,38044738930.24391,0.15261399932595676,0.26409964109440487,84311.42831519614,84030.4727946195
2026-09-25 01:00:00,84567.95784518245,1698878009467.7063,38129182081.18688,0.22516869350717172,0.20695555442752478,84383.1052194544,84061.196494342
2026-09-25 02:00:00,84568.85384307253,1698896009087.7844,37964553682.50562,0.0010595004454660994,0.12256233447729036,84399.20585639143,84087.05220932678
2026-09-25 03:00:00,84194.82818604415,1691382241700.076,37544836254.71169,-0.44227353219475907,0.21322237788576826,84373.31444171812,84097.21013771665
2026-09-25 04:00:00,84202.4042247504,1691541003839.7559,37721476029.98632,0.008998223370104697,0.21350411094414945,84354.45226524849,84102.50054739203
2026-09-25 05:00:00,84178.3529416615,1691057837926.4497,37687518835.41808,-0.028563653627622365,0.21350408757925976,84334.25012090945,84086.67984889515
2026-09-25 06:00:00,84185.20946491713,1691195578532.9973,37522095698.13049,0.008145233324263756,0.21203843012638848,84325.08165560341,84114.13851167243
2026-09-25 07:00:00,84022.62829043277,1687937133491.5105,37168664882.61874,-0.19312320479777378,0.2078849880075619,84274.31925658013,84151.49614833936
2026-09-25 08:00:00,84036.36439812316,1688213079230.319,37510715505.55876,0.016348105230545862,0.17201758574278855,84198.37733557167,84176.39613763681
2026-09-25 09:00:00,84395.68001291131,1695431398642.4163,36176017178.3188,0.4275715844701322,0.26174711822264485,84173.63821697721,84222.06168000738
2026-09-25 10:00:00,84569.42231149013,1698921721230.4653,35144984218.218834,0.20586634120636216,0.1980762881364461,84227.15166346949,84268.6288927637
2026-09-25 11:00:00,84705.75755672692,1701660570606.1765,34660458686.55081,0.16121104000763609,0.19943260453688216,84299.05928232327,84293.89989866709
2026-09-25 12:00:00,84579.7615938023,1699129427879.2986,36236218755.75987,-0.14874545315323173,0.21540711436315613,84356.40337548625,84342.17513811856
2026-09-25 13:00:00,84439.40434084482,1696318477335.4172,37393484095.658,-0.16594661691238244,0.23283879168819585,84392.7169291902,84344.38272793705
2026-09-25 14:00:00,83928.39906535401,1686052799864.1274,38081294010.793236,-0.6051739463107886,0.3330816862496921,84379.2556113218,84321.66772769936
2026-09-25 15:00:00,83976.22332840896,1687013550140.83,37776112248.226654,0.05698221768499767,0.33408288289383437,84370.66402993407,84317.3821949867
2026-09-25 16:00:00,83752.35366553183,1682516191962.8823,37936687771.43965,-0.2665869623615147,0.28152848195540103,84278.76026602271,84283.86811313045
2026-09-25 17:00:00,83752.06178778961,1682516358526.5378,37410598349.16621,-0.0003485009428927377,0.252380287198389,84161.99447692264,84254.15352737007
2026-09-25 18:00:00,83764.46872007116,1682765604528.0957,37319761895.888504,0.01481388280684115,0.2283377848398221,84027.52464311467,84227.01206356214
2026-09-25 19:00:00,83964.00059706246,1686774050886.5388,36881462065.893166,0.2382058646585694,0.2736566364205235,83939.55878643754,84210.07076094442
2026-09-25 20:00:00,84012.80401133405,1687757331458.4412,36489374937.04501,0.058124212667998165,0.27827011222331033,83878.61588222173,84198.80482233844
2026-09-25 21:00:00,83858.71636436756,1684661820495.3765,36227818334.62931,-0.1834097180540506,0.16699751880511826,83868.66121065224,84174.0786928514
2026-09-25 22:00:00,83789.75553161079,1683276446534.3667,36137988908.46042,-0.08223454370220873,0.16573344849703653,83842.02295396678,84137.02143982417
2026-09-25 23:00:00,84069.47476206647,1688895806434.4102,35926212580.64633,0.3338346420525662,0.17873100561885882,83887.32596775745,84113.24148358579
2026-09-26 00:00:00,84075.71659039952,1689021200315.1973,35904911385.48042,0.007424607267636496,0.17835980527660583,83933.5623681303,84107.5695028408
2026-09-26 01:00:00,83893.01524394755,1685350860531.0374,35572434763.83438,-0.217305726149275,0.20648986466541544,83951.9261572555,84092.83669423114
2026-09-26 02:00:00,84063.47590037558,1688775293580.2283,35234662424.159775,0.20318813900341848,0.20072525600261876,83966.13691487165,84087.36635893182
2026-09-26 03:00:00,84003.68241634751,1687574085118.8586,34549745847.940796,-0.07112896937420121,0.20226039906079804,83964.83382987356,84078.72221376184
2026-09-26 04:00:00,83927.11074794037,1686046054003.6702,34089763997.76675,-0.09115275212296936,0.19112094194399767,83974.60445609826,84074.17375935744
2026-09-26 05:00:00,83967.98486659533,1686867190890.844,33876261231.822624,0.0487019251475429,0.18674063971687596,84000.06578966747,84070.91759118944
2026-09-26 06:00:00,83910.45743474332,1685711498783.6494,33627479400.9485,-0.06851114974761874,0.13159584227618634,83977.3490286213,84047.81175413381
2026-09-26 07:00:00,83888.60527283332,1685272501765.5051,33133457804.65194,-0.026042239046308868,0.13074320873354778,83950.61884039757,84015.39189515015
2026-09-26 08:00:00,84100.6609733225,1689532575463.4138,31426317310.6822,0.25278248434279504,0.13995335012567534,83980.28251602256,83986.5777721309
2026-09-26 09:00:00,84194.74113141354,1691422590238.0894,31288401055.180267,0.11186613399016831,0.12518349280183522,83999.03469188513,83968.24346439811
2026-09-26 10:00:00,83991.53402670812,1687351534465.5159,30656957224.482975,-0.2413536783589021,0.1584773605236205,83997.29920765093,83946.91630658208
2026-09-26 11:00:00,84163.11155808344,1690800552737.7034,29895164115.93449,0.20427955431885358,0.16970579320838092,84031.01360909993,83958.09309195014
2026-09-26 12:00:00,84158.88947441378,1690715732900.72,27652317872.677166,-0.005016548926839448,0.17047253433058018,84058.28569593115,83966.79147985514
2026-09-26 13:00:00,84038.38351354386,1688294820205.4182,25606712570.1268,-0.1431886300098606,0.17992713450597123,84076.56085004551,83980.41194880809
2026-09-26 14:00:00,83930.1545852007,1686120547789.9011,23776145947.082726,-0.1287851143944474,0.1884776594057148,84082.49646609799,83988.89255820862
2026-09-26 15:00:00,84007.50666686968,1687674517694.5317,20895929026.612823,0.09216244394076867,0.16143819230047793,84069.18870803331,84000.46579377045
2026-09-26 16:00:00,84134.63783090159,1690228527859.27,19691687394.700882,0.1513330999526552,0.167222251858998,84060.60252224587,84008.59137633421
2026-09-26 17:00:00,84100.3126331761,1689547359496.7136,18712286675.464848,-0.0407979384120849,0.13508650845573367,84076.14232316989,84012.75845356479
2026-09-26 18:00:00,84114.262069661,1689827599044.4822,18303140468.974808,0.016586664244333527,0.10799170915314811,84069.16382482382,84024.927296674
2026-09-26 19:00:00,83985.91297747173,1687249108394.2986,18145980022.815063,-0.152588977221213,0.1208906572185006,84044.45289668922,84034.26812742928
2026-09-26 20:00:00,83999.25403202536,1687522921699.579,17877491324.944164,0.015884871737004147,0.11041705626655901,84038.86297075801,84030.92428314162
2026-09-26 21:00:00,84012.79391839281,1687797286813.9407,17656798140.77645,0.01611905548861703,0.09638387961404961,84050.66858978546,84027.92796542702
2026-09-26 22:00:00,84141.62011689146,1690385374867.6218,17740307726.00447,0.15334116685106203,0.1068478619743214,84069.8276540743,84039.76629271005
2026-09-26 23:00:00,84260.05303177399,1692769382858.8467,17756021933.408386,0.14075426016042503,0.10478239040894967,84087.74411134177,84049.12710849092
2026-09-27 00:00:00,84416.7149816521,1695916693389.409,18033182350.132664,0.18592671644654946,0.1167372846948528,84132.94444683834,84068.79532588639
2026-09-27 01:00:00,84291.3187156056,1693398600637.6096,17713465088.930096,-0.14854435649830355,0.13988168568351786,84158.23825340185,84086.13856244188
2026-09-27 02:00:00,84479.09670002945,1697171029173.5393,17730811375.509396,0.22277262627412586,0.1297433855269755,84228.6930709101,84110.47722117683
2026-09-27 03:00:00,84433.25854810969,1696250148310.6047,17618395207.285503,-0.054259756212260424,0.1382861074879465,84290.69371606501,84135.37251228951
2026-09-27 04:00:00,84381.61261169771,1695217568536.4575,17528993154.31804,-0.061167764101577315,0.14649422221006342,84343.38210082286,84158.84905223544
2026-09-27 05:00:00,84310.19237747915,1693782743672.9717,17257000996.150105,-0.08463957017178503,0.1495329047558021,84367.46385233538,84168.82673814766
2026-09-27 06:00:00,84463.78559350349,1696870526543.0664,17484924971.354485,0.18217633205801498,0.15541071225992656,84396.56850401103,84181.63837919956
2026-09-27 07:00:00,84489.39576318179,1697385032751.8696,17741564583.862335,0.030320887819956788,0.14058052452204767,84406.95147280097,84205.3460809364
2026-09-27 08:00:00,84747.07819125343,1702561851601.8696,18119816489.14619,0.3049878931480343,0.15754139196542624,84472.0599693221,84233.15401584926
2026-09-27 09:00:00,84775.15694244132,1703129935843.153,18918184705.3842,0.03313241209863538,0.14405862840084901,84514.35428966665,84262.50008575532
2026-09-27 10:00:00,84913.22739201221,1705903766342.5667,20085136251.83306,0.16286663988678285,0.14119556559863697,84582.92126736701,84304.15931806335
2026-09-27 11:00:00,84841.98875886944,1704472584696.0806,20580432924.93843,-0.08389580202138314,0.1452163209263624,84648.68928839154,84347.57999299995
2026-09-27 12:00:00,84876.05683833323,1705157011220.1252,20636789212.536118,0.04015473937157843,0.1286597526221556,84729.52706851356,84388.93952497441
2026-09-27 13:00:00,84780.29360556518,1703233131225.5283,20839460736.959827,-0.11282714623566115,0.14310820263292795,84774.74249880807,84419.68503805363
2026-09-27 14:00:00,84999.04124093738,1707627763563.9885,21151421885.115215,0.2580170769281631,0.16163106791487022,84847.54899563032,84462.48163842321
2026-09-27 15:00:00,84532.46022395081,1698254167263.064,21634584695.381977,-0.5489250351236374,0.26072376428088506,84816.88928601565,84482.39583624653
2026-09-27 16:00:00,84442.994331211,1696456800609.2273,21606368604.493656,-0.10583613975364559,0.2598784814813948,84769.43748441132,84504.16161499603
2026-09-27 17:00:00,84400.5517278034,1695604130192.2598,21935983765.10997,-0.05026184083564145,0.24185285248191749,84696.19810381006,84523.2710290807
2026-09-27 18:00:00,84549.18661476907,1698590199869.1792,21796736764.75843,0.17610653475943483,0.2614421040829778,84654.36922608143,84548.81353843195
2026-09-27 19:00:00,84798.60274546777,1703600961205.3513,21845305493.737034,0.29499530472729685,0.29190752128974573,84643.3043556721,84580.098425507
2026-09-27 20:00:00,84719.64624644413,1702014727903.4438,21887295529.681656,-0.09311061322629932,0.2908733808293889,84634.64044722622,84601.98381668178
2026-09-27 21:00:00,84533.08513114411,1698266721626.7056,21682331364.95104,-0.2202099791084211,0.27308791677113664,84568.07528868433,84607.52525237187
2026-09-27 22:00:00,84673.73862161927,1701092445327.4792,21660013236.55239,0.1663886870530762,0.18822639045337902,84588.25791692268,84625.7357240868
2026-09-27 23:00:00,84171.14297139479,1691022166899.925,21703356199.111927,-0.5935673307994827,0.30086928336190627,84549.4220083775,84611.07126081848
2026-09-28 00:00:00,84448.75015162026,1696599373991.094,21929060307.609814,0.32981277243653295,0.3325307423715923,84556.3074974942,84611.80895622376
2026-09-28 01:00:00,84145.24062381854,1690501781380.8516,23054987843.434692,-0.3594008523001291,0.34878179151876354,84498.6009273584,84600.55314727713
2026-09-28 02:00:00,83687.81454588071,1681311961566.0745,24306415819.972614,-0.5436149145770508,0.34739200060054937,84339.91689884597,84570.9161076772
2026-09-28 03:00:00,83400.93652399369,1675548500633.006,25394822846.221855,-0.34279545169595416,0.3488798011819998,84151.52979563877,84520.30424722435
2026-09-28 04:00:00,83324.41301580759,1674016287734.4778,26350697792.741203,-0.0917537756474518,0.3524322170567761,83978.86235059069,84464.82887830178
2026-09-28 05:00:00,83484.23865967829,1677230663073.298,26955794451.160934,0.19181130485776965,0.3569985126989921,83808.93378459911,84404.69366251248
2026-09-28 06:00:00,83163.51212912699,1670787142953.3552,28405170333.84949,-0.38417614594142835,0.3260926642753752,83664.986521418,84327.94867140228
2026-09-28 07:00:00,83136.04336101729,1670235284771.6182,28924418262.88602,-0.03302983172120966,0.25400456770563185,83477.4569799033,84243.32086040251
2026-09-28 08:00:00,82932.7161124573,1666150361660.4028,30152340301.804153,-0.244571716838915,0.24736972550491157,83304.23919256598,84152.40311533527
2026-09-28 09:00:00,82949.14402057277,1666488201911.5808,31411582316.135136,0.019808718302671835,0.2080840612936659,83198.7148318077,84060.6453621086
2026-09-28 10:00:00,82630.37796766913,1660084038582.2754,31599822499.322567,-0.3842909491924118,0.2157273475991316,83088.63503804705,83958.2684269707
2026-09-28 11:00:00,82971.77348739891,1666942838784.8916,32125980271.167747,0.4131598186121854,0.2996406857645255,83038.25796256009,83861.73186727837
2026-09-28 12:00:00,83056.21283951147,1668639265984.1611,33024646036.80142,0.10176876853835726,0.28875481278015624,82977.11141682198,83791.43437278127
2026-09-28 13:00:00,83547.8075324947,1678515639823.2417,34754201350.38632,0.5918819028422728,0.3438767536883151,83032.01076016024,83748.80642998524
2026-09-28 14:00:00,83593.21077961518,1679427812896.854,35655915324.5203,0.054344031832109785,0.341242244363405,83097.3203913885,83710.36162292867
2026-09-28 15:00:00,82975.43731034883,1667016446750.2544,37017584802.59377,-0.7390234966509923,0.45241725894701257,83103.4234196587,83635.42117986103
2026-09-28 16:00:00,83359.7059294417,1674736588141.036,38467203361.96342,0.4631112911831936,0.4842162712946709,83162.0751209257,83566.90228385979
2026-09-28 17:00:00,83676.46833468149,1681100497225.02,39945159383.05625,0.37999462894926506,0.4491974092895637,83311.51660192748,83517.22714520444
2026-09-28 18:00:00,83855.1819976811,1684690940675.954,41287146912.64105,0.21357696680601723,0.43818602272644436,83437.71781768207,83484.94604361095
2026-09-28 19:00:00,84014.16168431255,1687884919049.6094,41758494373.60257,0.18958838660185773,0.43775723767792213,83574.56765265366,83453.53761802491
2026-09-28 20:00:00,83379.6392483203,1675137058105.2332,42192219792.695175,-0.7552565225568797,0.5090170719703736,83550.54361205731,83415.84696454518
2026-09-28 21:00:00,83515.06043718461,1677857734927.1091,42622501750.36808,0.1624151772364968,0.5135379064193392,83539.37927742435,83371.38554957205
2026-09-28 22:00:00,83200.55995647625,1671539268994.947,42410146303.35617,-0.3765793607308887,0.4412256641707538,83571.53965544257,83326.40075588909
2026-09-28 23:00:00,83514.22949895605,1677841040978.416,42087070005.16634,0.3770041243038369,0.4284647878583986,83593.61445108747,83318.13480127363
2026-09-29 00:00:00,83479.2543356063,1677138373123.666,41541721154.86327,-0.04187928639177718,0.39925271124927675,83565.44102264816,83321.86422087422
2026-09-29 01:00:00,83161.80609563884,1670786382288.1997,40555009487.14738,-0.38027201188363113,0.40120907976047315,83466.38732235642,83314.12103419953
2026-09-29 02:00:00,83043.1585958847,1668402660286.6143,40085620065.82977,-0.142670662560751,0.37774250268715936,83327.67259543815,83293.11722163793
2026-09-29 03:00:00,82941.41105890325,1666358471888.1028,39405793310.90337,-0.12252368371076239,0.2746966729196964,83265.06856837857,83282.5409801987
2026-09-29 04:00:00,83037.96226191537,1668304987907.0098,38887731654.57416,0.11640892261111091,0.2685532570946219,83196.91168619726,83277.87045167004
2026-09-29 05:00:00,83184.2943365889,1671244926742.438,38566327669.70236,0.17622310409299846,0.24779715305087044,83194.58802621334,83289.85036710487
2026-09-29 06:00:00,83393.56097790782,1675449275837.7798,37203921910.901825,0.25156989427856935,0.21859152136037716,83177.3496660636,83311.01307935892
2026-09-29 07:00:00,83976.30619116833,1687159234150.9192,37476513142.79065,0.6987892187682032,0.3476511791494388,83248.35707400102,83375.10489952556
2026-09-29 08:00:00,83978.38608736593,1687201021129.1157,36376916210.9483,0.002476765521053359,0.287023780035708,83365.01135853348,83423.03883285732
2026-09-29 09:00:00,83845.07969592825,1684522776282.606,34638915585.81912,-0.15873892991823402,0.28971322554368834,83479.57151568255,83460.60392125811
2026-09-29 10:00:00,84227.09779015598,1692197862083.8538,34150107855.523296,0.4556237475271674,0.28552892333876273,83663.24104871866,83492.95107638484
2026-09-29 11:00:00,84003.5920590756,1687707431685.3137,33242221334.07526,-0.26536083629192797,0.3399608042311529,83801.18816259869,83512.49304207343
2026-09-29 12:00:00,84331.39533966823,1694293293304.1592,32916671330.989494,0.39022531365338065,0.35051314564469743,83965.05973446716,83577.06247204103
2026-09-29 13:00:00,84307.89331166094,1693821116503.6755,32111724086.748398,-0.027868657826224386,0.3589886777255256,84095.67863928904,83622.2142521467
2026-09-29 14:00:00,84200.13565117154,1691656168553.5798,31772922031.512947,-0.12781443854972263,0.2775789239452759,84127.65427643235,83647.15079102719
2026-09-29 15:00:00,83728.78182022893,1682186247756.9102,30588329533.16465,-0.5598017477018713,0.3590841613143471,84091.99652398421,83641.13173495803
2026-09-29 16:00:00,83079.88387385973,1669149306601.793,30645883012.00141,-0.7749998653538648,0.4551743371135511,83982.68283511729,83596.64231541267
2026-09-29 17:00:00,83043.08690331096,1668411102053.5125,29993025065.835255,-0.044291071235280643,0.3811804677408413,83813.53842271084,83580.61601326936
2026-09-29 18:00:00,83095.02357768656,1669454557052.155,29267203359.96491,0.06254183979945704,0.39200680355180095,83683.74292536954,83560.61425805517
2026-09-29 19:00:00,83608.34444503603,1679767639885.8743,29258733074.00042,0.6177516357156465,0.44987044973658574,83580.4499404221,83580.0325670342
2026-09-29 20:00:00,83565.70306453116,1678910935790.5166,28977853000.74112,-0.05100134536558665,0.44914752495678884,83474.4227622607,83582.48368920444
2026-09-29 21:00:00,83591.60602756868,1679431349863.7336,28728904172.59666,0.030997122129772237,0.45299812632368724,83387.48995888887,83587.83376977408
2026-09-29 22:00:00,83473.68323880021,1677062173845.5603,28838348405.212566,-0.14107013176607452,0.4079858038937292,83351.04730439905,83602.68506230558
2026-09-29 23:00:00,83583.21130121242,1679262692180.4302,28950614357.645992,0.13121268663667252,0.250227602462308,83422.95122259228,83628.40185779738
2026-09-30 00:00:00,83640.10160067653,1680405670009.9465,29007802596.080124,0.06806426623056083,0.2439578968907874,83508.23903650165,83661.67283597706
2026-09-30 01:00:00,83395.64796045747,1675494374169.5867,29062156398.418175,-0.29226846397933937,0.28677949097975713,83551.18537689748,83678.70548828857
2026-09-30 02:00:00,83413.39980302229,1675851024823.1387,28139739345.773468,0.021286293708322468,0.14343715900735896,83523.33614232411,83689.61527240447
2026-09-30 03:00:00,83354.75498765941,1674672797174.3613,28312249216.213306,-0.07030622837740363,0.14401965282850626,83493.20070277099,83687.76736810691
2026-09-30 04:00:00,83272.45878053062,1673019391565.8916,28102008868.33204,-0.09873006901762738,0.1422961207081948,83447.60823890842,83654.25082474321
2026-09-30 05:00:00,83189.76023344512,1671357902581.9646,28078293012.782173,-0.09931080251089908,0.13889884462118143,83407.04780957197,83616.69721265174
2026-09-30 06:00:00,83337.72947275049,1674330739103.6482,28128269268.117706,0.17786953453182708,0.1496664252718887,83371.97897693455,83592.5376782147
2026-09-30 07:00:00,83024.39781180208,1668035621216.7146,27461216138.35481,-0.37597815890925146,0.18517403053017387,83284.02129280964,83535.26625067405
2026-09-30 08:00:00,83282.75039159824,1673226159387.3145,27925128006.42767,0.3111766981818809,0.2207070283715667,83267.8930686869,83500.94045698465
2026-09-30 09:00:00,83022.41165273049,1667995717475.5479,27423737174.636154,-0.31259623108462753,0.2452295696755184,83212.0376186452,83438.6079004638
2026-09-30 10:00:00,83603.33170023866,1679666929286.3103,27799125849.52361,0.699714734785184,0.3794104510807625,83247.54857758511,83405.05734753892
2026-09-30 11:00:00,83880.67017259059,1685238911296.5317,28227226392.293774,0.3317313637049013,0.3873801351410342,83334.43591930796,83389.84470570175
2026-09-30 12:00:00,83857.98344246454,1684783114266.0618,28088453296.83607,-0.027046434034649902,0.38196355777244756,83429.8963777393,83395.99716390343
2026-09-30 13:00:00,85302.74143696309,1713809615660.5547,31959196363.122814,1.7228627915788275,0.7206135418542178,83710.61237262681,83501.84752405122
2026-09-30 14:00:00,84570.07856278014,1699089752527.6665,34089508314.48897,-0.8588972192932087,0.816798555510612,83931.4239084808,83574.56141259738
2026-09-30 15:00:00,83754.48730484878,1682703782783.372,35262103528.83868,-0.9643969495971461,0.9384522985141951,83998.81489608805,83605.96444722415
2026-09-30 16:00:00,84104.43667144101,1689734583662.1843,34350930428.407745,0.4178276028584449,0.9274865567585859,84153.38989876097,83629.58788657676
2026-09-30 17:00:00,84295.98527295308,1693582969184.2405,34148707985.875,0.22775088817295064,0.9009324972919613,84252.34040914875,83664.36322983495
2026-09-30 18:00:00,84011.36986895201,1687864787002.4568,34347785097.77328,-0.3376381485778679,0.9103617523405142,84271.01179434323,83684.35198418653
2026-09-30 19:00:00,83924.8748647043,1686127023743.1614,34293742561.120193,-0.10295630744104889,0.9115472554381333,84280.56771180606,83705.83729970577
2026-09-30 20:00:00,83562.10698056826,1678838687194.8618,35116322787.103226,-0.4322531129427931,0.5171994242801354,84031.9056466068,83704.83233205604
2026-09-30 21:00:00,83632.88948765551,1680260772103.5435,34836630150.346985,0.08470646522078518,0.46548862418183357,83898.02149301756,83704.48889810267
2026-09-30 22:00:00,83723.72043233659,1682085648347.5151,34701565491.29879,0.10860672785253378,0.3046031678092821,83893.62622551584,83720.11139676359
2026-09-30 23:00:00,83648.98156553946,1680584076575.931,34460291267.09461,-0.08926844914581844,0.24098153600032776,83828.56121038702,83731.32957593107
2026-10-01 00:00:00,83576.13460018387,1679120514824.0454,35066512389.815475,-0.08708649405195779,0.2005477044331846,83725.72539999142,83741.87146224176
2026-10-01 01:00:00,83468.03049560924,1676948605096.5103,35654903658.04222,-0.12934805503004299,0.17738145625729834,83648.10548951388,83751.18440105503
2026-10-01 02:00:00,83481.405239274,1677217315854.3772,35666774411.3999,0.016023792085828603,0.18185810168497593,83584.75268588099,83765.07225847544
2026-10-01 03:00:00,83443.52314123012,1676456230069.8486,35657623637.810875,-0.04537788736940218,0.09192402976200348,83567.81213740412,83770.11005221258
2026-10-01 04:00:00,83710.30980712955,1681816216696.8474,35304179462.45777,0.3197212388166948,0.15672378029639905,83578.87218304326,83802.77252818055
2026-10-01 05:00:00,84035.76463142173,1688354899955.3125,35919453134.378136,0.3887870264033477,0.21136583108545362,83623.44992576972,83838.63034912452
2026-10-01 06:00:00,84253.41603873306,1692727714573.3264,36005732571.42461,0.2589985445672349,0.21318112179636003,83709.7977076545,83897.24960560084
2026-10-01 07:00:00,84090.73910833706,1689459387168.341,35634863604.13285,-0.19308051595345876,0.23188529059403776,83783.31263739069,83920.45948217696
2026-10-01 08:00:00,83424.3803778115,1676071634551.9963,37117325208.66481,-0.7924282002885863,0.4057247324721743,83777.07690627672,83898.73139671127
2026-10-01 09:00:00,83548.62050040216,1678567731549.1143,38221253354.03187,0.14892543645874667,0.41005534349390943,83786.67908643789,83883.99982804165
2026-10-01 10:00:00,83751.13442062684,1682636420291.5815,37519967486.95821,0.2423905014969252,0.4176726579770331,83830.62355492312,83810.11377964469
2026-10-01 11:00:00,83936.12577065185,1686353064670.7212,37340730788.202576,0.22088220213940524,0.40874129224275135,83862.88297828345,83779.92555144809
2026-10-01 12:00:00,83896.48560926288,1685556657795.51,37177839768.685875,-0.04722657976529154,0.37870969635395035,83842.9859751179,83786.68737546781
2026-10-01 13:00:00,83722.83558416317,1682067870943.384,33306624319.434517,-0.20698128632998802,0.36142330438296605,83767.18876732221,83768.51589512125
2026-10-01 14:00:00,83846.2131364275,1684546638118.5693,31074235736.872654,0.14736427810104757,0.36803037327917365,83732.25648562085,83747.09817433431
2026-10-01 15:00:00,83999.7974803816,1687632287196.7761,30194647173.799118,0.18317385867410163,0.16448753852166917,83814.45892884514,83746.54710821192
2026-10-01 15:17:10,84109.6827986699,1689839983126.9421,31175543883.488785,0.13081617049608418,0.16370025237783475,83894.61068574052,83755.3474860198
